GEN_BUS,PG,QG,QMAX,QMIN,VG,MBASE,GEN_STATUS,PMAX,PMIN,PC1,PC2,QC1MIN,QC1MAX,QC2MIN,QC2MAX,RAMP_AGC,RAMP_10,RAMP_30,RAMP_Q,APF,MU_PMAX,MU_PMIN,MU_QMAX,MU_QMIN,MODEL,STARTUP,SHUTDOWN,NCOST,LINEAR,FIXED,GenType,GenFuel,GenID,FuelType,EIAPlantCode,EIAPC-IDorPC-UC
6,2.744616,-0.209143,1.8,-1.5,1.02,100,1,2.8,1,0,0,0,0,0,0,0,5000,15000,0,0,0,0,0,0,2,0,0,2,0,0,HY (Hydro),hydro,1,WAT (Water),2685,2685-1
6,2.744616,-0.209143,1.8,-1.5,1.02,100,1,2.8,1,0,0,0,0,0,0,0,5000,15000,0,0,0,0,0,0,2,0,0,2,0,0,HY (Hydro),hydro,2,WAT (Water),2685,2685-2
6,2.94066,-0.209143,2,-1.7,1.02,100,1,3,1,0,0,0,0,0,0,0,5000,15000,0,0,0,0,0,0,2,0,0,2,0,0,HY (Hydro),hydro,3,WAT (Water),2685,2685-3
6,2.94066,-0.209143,2,-1.7,1.02,100,1,3,1,0,0,0,0,0,0,0,5000,15000,0,0,0,0,0,0,2,0,0,2,0,0,HY (Hydro),hydro,4,WAT (Water),2685,2685-4
15,7.841761,-1.255595,5.2,-4.4,1.02,100,1,8,7,0,0,0,0,0,0,0,5000,15000,0,0,0,0,0,0,2,0,0,2,0,0,HY (Hydro),hydro,1,WAT (Water),2548,2548-1
15,7.841761,-1.255595,5.2,-4.4,1.02,100,1,8,7,0,0,0,0,0,0,0,5000,15000,0,0,0,0,0,0,2,0,0,2,0,0,HY (Hydro),hydro,2,WAT (Water),2548,2548-2
17,0.017716,-9.9,11.7,-9.9,1.01,100,1,18.000001,10.5,0,0,0,0,0,0,0,101,303,0,0,0,0,0,0,2,2000,0,2,31.5,120,GT (Gas Turbine),ng,1,NG (Natural Gas),2511,2511-3
17,17.88594,-9.9,11.7,-9.9,1.01,100,1,18.000001,11.4,0,0,0,0,0,0,0,102.5,307.5,0,0,0,0,0,0,2,2000,0,2,31.5,120,GT (Gas Turbine),ng,2,NG (Natural Gas),2511,2511-4
17,17.88594,-9.9,11.7,-9.9,1.01,100,1,18.000001,11,0,0,0,0,0,0,0,100.5,301.5,0,0,0,0,0,0,2,2000,0,2,31.5,120,GT (Gas Turbine),ng,3,NG (Natural Gas),2511,2511-5
17,17.88594,-9.9,11.7,-9.9,1.01,100,1,18.000001,11.2,0,0,0,0,0,0,0,99.5,298.5,0,0,0,0,0,0,2,2000,0,2,31.5,120,GT (Gas Turbine),ng,4,NG (Natural Gas),2511,2511-6
17,17.88594,-9.9,11.7,-9.9,1.01,100,1,18.000001,11.4,0,0,0,0,0,0,0,76,228,0,0,0,0,0,0,2,2000,0,2,31.5,120,GT (Gas Turbine),ng,5,NG (Natural Gas),2511,2511-8
17,17.88594,-9.9,11.7,-9.9,1.01,100,1,18.000001,10.7,0,0,0,0,0,0,0,102.5,307.5,0,0,0,0,0,0,2,2000,0,2,31.5,120,GT (Gas Turbine),ng,6,NG (Natural Gas),2511,2511-GT1
17,17.88594,-9.9,11.7,-9.9,1.01,100,1,18.000001,9,0,0,0,0,0,0,0,102,306,0,0,0,0,0,0,2,2000,0,2,31.5,120,GT (Gas Turbine),ng,7,NG (Natural Gas),2511,2511-GT2
17,41.535127,-23,27.200001,-23,1.01,100,1,41.800001,29.800001,0,0,0,0,0,0,0,246,738,0,0,0,0,0,0,2,2000,0,2,31.5,120,GT (Gas Turbine),ng,8,NG (Natural Gas),2511,2511-9
17,0,0,27.200001,-23,1.01,100,0,41.800001,30.000001,0,0,0,0,0,0,0,250,750,0,0,0,0,0,0,2,2000,0,2,33.64311599,97.68466116,GT (Gas Turbine),ng,9,NG (Natural Gas),2511,2511-10
17,0.041141,-23,27.200001,-23,1.01,100,1,41.800001,30.000001,0,0,0,0,0,0,0,252.5,757.5,0,0,0,0,0,0,2,2000,0,2,31.5,120,GT (Gas Turbine),ng,10,NG (Natural Gas),2511,2511-11
17,13.354008,-23,27.200001,-23,1.01,100,1,41.800001,30.000001,0,0,0,0,0,0,0,243.5,730.5,0,0,0,0,0,0,2,2000,0,2,31.5,120,GT (Gas Turbine),ng,11,NG (Natural Gas),2511,2511-12
17,139.619219,0,122.2,-103.400004,1.01,100,1,188,15.000001,0,0,0,0,0,0,0,79.8,239.4,0,0,0,0,0,0,2,2500,0,2,31.5,660,ST (Steam Turbine),ng,12,NG (Natural Gas),2511,2511-ST1
17,186.808717,0,122.2,-103.400004,1.01,100,1,188,15.000001,0,0,0,0,0,0,0,76.2,228.6,0,0,0,0,0,0,2,2500,0,2,31.5,660,ST (Steam Turbine),ng,13,NG (Natural Gas),2511,2511-ST2
18,15.898612,-8.8,10.4,-8.8,1.01,100,1,16,10,0,0,0,0,0,0,0,88,264,0,0,0,0,0,0,2,500,0,2,200.1,3220,GT (Gas Turbine),dfo,1,DFO (Distillate Fuel Oil),7869,7869-GT1
18,52.664155,0,34.5,-29.2,1.01,100,1,52.999997,37,0,0,0,0,0,0,0,235,705,0,0,0,0,0,0,2,2000,0,2,31.5,120,GT (Gas Turbine),ng,2,NG (Natural Gas),7869,7869-GT4
18,52.664155,0,34.5,-29.2,1.01,100,1,52.999997,37,0,0,0,0,0,0,0,235,705,0,0,0,0,0,0,2,2000,0,2,31.5,120,GT (Gas Turbine),ng,3,NG (Natural Gas),7869,7869-GT5
18,54.651493,-30.3,35.800001,-30.3,1.01,100,1,55.000001,40.000001,0,0,0,0,0,0,0,275.5,826.5,0,0,0,0,0,0,2,500,0,2,200.1,3220,GT (Gas Turbine),dfo,4,KER (Kerosene),2514,2514-GT2
18,0,0,35.800001,-30.3,1.01,100,0,55.000001,44.100001,0,0,0,0,0,0,0,343,1029,0,0,0,0,0,0,2,500,0,2,31.5,120,GT (Gas Turbine),ng,5,NG (Natural Gas),2514,2514-GT3
19,15.898612,-8.8,10.4,-8.8,1.02,100,1,16,10.6,0,0,0,0,0,0,0,79,237,0,0,0,0,0,0,2,500,0,2,200.1,3220,GT (Gas Turbine),dfo,1,DFO (Distillate Fuel Oil),2516,2516-GT1
19,0,0,251.600003,-212.899995,1.02,100,0,386.999989,40.000001,0,0,0,0,0,0,0,159.6,478.8,0,0,0,0,0,0,2,2500,0,2,29.55054275,345.5301716,ST (Steam Turbine),ng,2,NG (Natural Gas),2516,2516-2
19,384.54771,0,251.600003,-212.899995,1.02,100,1,386.999989,30.000001,0,0,0,0,0,0,0,157.68,473.04,0,0,0,0,0,0,2,2500,0,2,28.90427111,403.4278769,ST (Steam Turbine),ng,3,NG (Natural Gas),2516,2516-3
19,386.999989,-25.354108,251.600003,-212.899995,1.02,100,1,386.999989,40.000001,0,0,0,0,0,0,0,158.6,475.8,0,0,0,0,0,0,2,2500,0,2,28.94692824,552.7947973,ST (Steam Turbine),ng,4,NG (Natural Gas),2516,2516-4
19,386.999989,0,251.600003,-212.899995,1.02,100,1,386.999989,40.000001,0,0,0,0,0,0,0,158.48,475.44,0,0,0,0,0,0,2,2500,0,2,31.5,660,ST (Steam Turbine),ng,5,NG (Natural Gas),2516,2516-ST1
19,129.999995,-25.354001,9900,-9900,1.02,100,1,129.999995,129.999995,0,0,0,0,0,0,0,0,0,0,0,0,0,0,0,2,0,0,2,0,0,proxy,import,x,import,0,0
21,10.782421,7.2,7.2,-6.1,1.02,100,1,11,0.2,0,0,0,0,0,0,0,5000,15000,0,0,0,0,0,0,2,0,0,2,0,0,HY (Hydro),hydro,1,WAT (Water),2551,2551-1
21,11.762641,7.8,7.8,-6.6,1.02,100,1,12,0.2,0,0,0,0,0,0,0,5000,15000,0,0,0,0,0,0,2,0,0,2,0,0,HY (Hydro),hydro,2,WAT (Water),2551,2551-2
21,12.742861,8.5,8.5,-7.2,1.02,100,1,13,0.2,0,0,0,0,0,0,0,5000,15000,0,0,0,0,0,0,2,0,0,2,0,0,HY (Hydro),hydro,3,WAT (Water),2551,2551-3
24,8.821981,4.91051,5.9,-5,1.02,100,1,9,3,0,0,0,0,0,0,0,5000,15000,0,0,0,0,0,0,2,0,0,2,0,0,HY (Hydro),hydro,1,WAT (Water),2545,2545-1
24,8.821981,4.91051,5.9,-5,1.02,100,1,9,3,0,0,0,0,0,0,0,5000,15000,0,0,0,0,0,0,2,0,0,2,0,0,HY (Hydro),hydro,2,WAT (Water),2545,2545-2
24,8.821981,4.91051,5.9,-5,1.02,100,1,9,3,0,0,0,0,0,0,0,5000,15000,0,0,0,0,0,0,2,0,0,2,0,0,HY (Hydro),hydro,3,WAT (Water),2545,2545-3
24,8.821981,4.91051,5.9,-5,1.02,100,1,9,3,0,0,0,0,0,0,0,5000,15000,0,0,0,0,0,0,2,0,0,2,0,0,HY (Hydro),hydro,4,WAT (Water),2545,2545-4
26,594.999981,37.844226,446.25001,-416.499996,1.02,100,1,594.999981,320.000005,0,0,0,0,0,0,0,900,2700,0,0,0,0,0,0,2,6440,0,2,15.37988784,5634.491014,CC (Combined Cycle Generic),ng,C1,NG (Natural Gas),55375,55375_CC1
26,650,37.844226,487.5,-455.000019,1.02,100,1,650,320.000005,0,0,0,0,0,0,0,900,2700,0,0,0,0,0,0,2,6120,0,2,23.34,900,CC (Combined Cycle Generic),ng,C2,NG (Natural Gas),57664,57664_CC1
27,121.823132,44.637209,91.949999,-85.820001,1.02,100,1,122.599995,41.999999,0,0,0,0,0,0,0,890,2670,0,0,0,0,0,0,2,1050,0,2,21.784,840,CC (Combined Cycle Generic),ng,C1,NG (Natural Gas),50978,50978_CC1
28,0,0,47.174999,-44.029999,1.02,100,0,62.900001,34.999999,0,0,0,0,0,0,0,560,1680,0,0,0,0,0,0,2,665,0,2,14.82342562,458.1272546,CC (Combined Cycle Generic),ng,C1,NG (Natural Gas),10620,10620_CC1
29,111.2903,-8.325165,72.799999,-61.6,1.02,100,1,112,31.999999,0,0,0,0,0,0,0,42.52,127.56,0,0,0,0,0,0,2,2500,0,2,26.25,550,ST (Steam Turbine),ng,1,NG (Natural Gas),2527,2527-4
30,4.07402,-1.780818,2.7,-2.3,1.02,100,1,4.1,0,0,0,0,0,0,0,0,0,0,0,0,0,0,0,0,2,0,0,2,0,0,WT (Wind Turbine),wind,1,WND (Wind),57867,57867-2
30,55.048954,-1.780818,36.000001,-30.500001,1.02,100,1,55.400002,0,0,0,0,0,0,0,0,0,0,0,0,0,0,0,0,2,0,0,2,0,0,WT (Wind Turbine),wind,2,WND (Wind),57867,57867-1
31,0.98022,-0.6,0.7,-0.6,1.02,100,1,1,0.2,0,0,0,0,0,0,0,5000,15000,0,0,0,0,0,0,2,0,0,2,0,0,HY (Hydro),hydro,1,WAT (Water),54580,54580-C4
31,0.98022,-0.6,0.7,-0.6,1.02,100,1,1,0.2,0,0,0,0,0,0,0,5000,15000,0,0,0,0,0,0,2,0,0,2,0,0,HY (Hydro),hydro,2,WAT (Water),54580,54580-C5
31,2.548572,-1.4,1.7,-1.4,1.02,100,1,2.6,0.9,0,0,0,0,0,0,0,5000,15000,0,0,0,0,0,0,2,0,0,2,0,0,HY (Hydro),hydro,3,WAT (Water),54580,54580-C1
31,2.548572,-1.4,1.7,-1.4,1.02,100,1,2.6,0.9,0,0,0,0,0,0,0,5000,15000,0,0,0,0,0,0,2,0,0,2,0,0,HY (Hydro),hydro,4,WAT (Water),54580,54580-C2
31,2.548572,-1.4,1.7,-1.4,1.02,100,1,2.6,2.3,0,0,0,0,0,0,0,5000,15000,0,0,0,0,0,0,2,0,0,2,0,0,HY (Hydro),hydro,5,WAT (Water),54580,54580-C3
31,24.113415,-3.042441,16,-13.500001,1.02,100,1,24.600001,6,0,0,0,0,0,0,0,5000,15000,0,0,0,0,0,0,2,0,0,2,0,0,HY (Hydro),hydro,6,WAT (Water),54580,54580-P1
31,24.113415,-3.042441,16,-13.500001,1.02,100,1,24.600001,6,0,0,0,0,0,0,0,5000,15000,0,0,0,0,0,0,2,0,0,2,0,0,HY (Hydro),hydro,7,WAT (Water),54580,54580-P2
32,147.000003,-32.940596,110.249996,-102.900004,1.02,100,1,147.000003,113,0,0,0,0,0,0,0,650,1950,0,0,0,0,0,0,2,1357,0,2,19.6251596,663.5482063,CC (Combined Cycle Generic),ng,C1,NG (Natural Gas),50458,50458_G723
33,56.241345,-9.978078,42.449999,-39.62,1.02,100,1,56.599998,44,0,0,0,0,0,0,0,540,1620,0,0,0,0,0,0,2,631,0,2,20.13800847,373.960486,CC (Combined Cycle Generic),ng,C1,NG (Natural Gas),50449,50449_G722
34,57.036275,14.685324,43.05,-40.180001,1.02,100,1,57.4,44.499999,0,0,0,0,0,0,0,500,1500,0,0,0,0,0,0,2,593,0,2,21.52383856,274.6677071,CC (Combined Cycle Generic),ng,C1,NG (Natural Gas),50450,50450_CC1
35,3.136704,2.1,2.1,-1.8,1.02,100,1,3.2,0,0,0,0,0,0,0,0,5000,15000,0,0,0,0,0,0,2,0,0,2,0,0,HY (Hydro),hydro,1,WAT (Water),2532,2532-1
35,3.136704,2.1,2.1,-1.8,1.02,100,1,3.2,0,0,0,0,0,0,0,0,5000,15000,0,0,0,0,0,0,2,0,0,2,0,0,HY (Hydro),hydro,2,WAT (Water),2532,2532-2
35,3.92088,2.6,2.6,-2.2,1.02,100,1,4,0,0,0,0,0,0,0,0,5000,15000,0,0,0,0,0,0,2,0,0,2,0,0,HY (Hydro),hydro,3,WAT (Water),2530,2530-1
35,3.92088,2.6,2.6,-2.2,1.02,100,1,4,0,0,0,0,0,0,0,0,5000,15000,0,0,0,0,0,0,2,0,0,2,0,0,HY (Hydro),hydro,4,WAT (Water),2530,2530-2
35,5.88132,3.9,3.9,-3.3,1.02,100,1,6,0,0,0,0,0,0,0,0,5000,15000,0,0,0,0,0,0,2,0,0,2,0,0,HY (Hydro),hydro,5,WAT (Water),2532,2532-3
35,6.861541,4.6,4.6,-3.9,1.02,100,1,7,0,0,0,0,0,0,0,0,5000,15000,0,0,0,0,0,0,2,0,0,2,0,0,HY (Hydro),hydro,6,WAT (Water),2530,2530-3
37,190.435088,23.9769,165.974998,-154.910004,1.02,100,1,221.300006,103.999996,0,0,0,0,0,0,0,1590,4770,0,0,0,0,0,0,2,2318,0,2,33.26230549,540.8717084,CC (Combined Cycle Generic),ng,C1,NG (Natural Gas),54041,54041_LEA1
38,99.863166,-12.179634,70.4,-55.299997,1.02,100,1,100.5,0,0,0,0,0,0,0,0,0,0,0,0,0,0,0,0,2,0,0,2,0,0,WT (Wind Turbine),wind,1,WND (Wind),56620,56620-1
39,125.201583,-11.904512,88.200003,-69.300002,1.02,100,1,125.999999,0,0,0,0,0,0,0,0,0,0,0,0,0,0,0,0,2,0,0,2,0,0,WT (Wind Turbine),wind,1,WND (Wind),56902,56902-1
41,65.28368,14.880177,49.274999,-45.989999,1.02,100,1,65.700001,40.599999,0,0,0,0,0,0,0,580,1740,0,0,0,0,0,0,2,685,0,2,29.82829564,257.3730334,CC (Combined Cycle Generic),ng,C1,NG (Natural Gas),54131,54131_CC1
52,16.097346,-0.087589,11.3,-8.9,1.02,100,1,16.2,0,0,0,0,0,0,0,0,0,0,0,0,0,0,0,0,2,0,0,2,0,0,WT (Wind Turbine),wind,1,WND (Wind),58768,58768-1
53,37.262374,-8.525725,26.300001,-20.6,1.02,100,1,37.5,0,0,0,0,0,0,0,0,0,0,0,0,0,0,0,0,2,0,0,2,0,0,WT (Wind Turbine),wind,1,WND (Wind),56633,56633-1
60,0.784176,0.6,0.6,-0.4,1.02,100,1,0.8,0.4,0,0,0,0,0,0,0,5000,15000,0,0,0,0,0,0,2,0,0,2,0,0,HY (Hydro),hydro,1,WAT (Water),2631,2631-RIO2
60,9.802201,2.230945,7,-5.5,1.02,100,1,10,4,0,0,0,0,0,0,0,5000,15000,0,0,0,0,0,0,2,0,0,2,0,0,HY (Hydro),hydro,2,WAT (Water),2631,2631-RIO
63,0,0,66.149998,-61.739999,1.02,100,0,88.199997,60.000002,0,0,0,0,0,0,0,750,2250,0,0,0,0,0,0,2,880,0,2,26.60493233,57.44674833,CC (Combined Cycle Generic),ng,C1,NG (Natural Gas),54034,54034_G701
63,653.643417,8.893969,490.275002,-457.590008,1.02,100,1,653.700018,315.00001,0,0,0,0,0,0,0,900,2700,0,0,0,0,0,0,2,6757,0,2,21.83851665,50.7686835,CC (Combined Cycle Generic),ng,C2,NG (Natural Gas),56259,56259_CC1
69,0,0,17.200001,-13.500001,1.02,100,0,24.5,5,0,0,0,0,0,0,0,10,30,0,0,0,0,0,0,2,2500,0,2,31.5,660,ST (Steam Turbine),ng,1,NG (Natural Gas),2682,2682-5
69,24.344754,-1.978325,17.200001,-13.500001,1.02,100,1,24.5,5,0,0,0,0,0,0,0,10,30,0,0,0,0,0,0,2,2500,0,2,31.5,660,ST (Steam Turbine),ng,2,NG (Natural Gas),2682,2682-6
69,47.000274,-1.978325,33.1,-25.999999,1.02,100,1,47.299999,9,0,0,0,0,0,0,0,235,705,0,0,0,0,0,0,2,2000,0,2,26.25,100,GT (Gas Turbine),ng,3,NG (Natural Gas),2682,2682-7
69,0,0,20,-20,1.02,100,0,0,0,0,0,0,0,0,0,0,0,0,0,0,0,0,0,0,2,0,0,2,0,0,proxy,import,X,import,0,0
79,0,0,0.7,-0.6,1.02,100,0,1,0.3,0,0,0,0,0,0,0,2,6,0,0,0,0,0,0,2,500,0,2,207,0,IC (Internal Combustion),dfo,1,DFO (Distillate Fuel Oil),61488,61488-HCC1
79,0,0,0.9,-0.7,1.02,100,0,1.3,0.4,0,0,0,0,0,0,0,2.6,7.8,0,0,0,0,0,0,2,500,0,2,207,0,IC (Internal Combustion),dfo,2,KER (Kerosene),61488,61488-SKB1
79,0,0,1,-0.8,1.02,100,0,1.4,0.4,0,0,0,0,0,0,0,2.8,8.4,0,0,0,0,0,0,2,500,0,2,207,0,IC (Internal Combustion),dfo,3,DFO (Distillate Fuel Oil),61488,61488-SMB1
79,0,0,1,-0.8,1.02,100,0,1.4,0.4,0,0,0,0,0,0,0,2.8,8.4,0,0,0,0,0,0,2,500,0,2,207,0,IC (Internal Combustion),dfo,4,KER (Kerosene),61488,61488-SMB2
79,0,0,1.8,-1.4,1.02,100,0,2.5,0.1,0,0,0,0,0,0,0,0.6,1.8,0,0,0,0,0,0,2,500,0,2,207,0,IC (Internal Combustion),dfo,5,KER (Kerosene),61488,61488-ENB3
79,0,0,1.9,-1.5,1.02,100,0,2.7,0.8,0,0,0,0,0,0,0,5.4,16.2,0,0,0,0,0,0,2,500,0,2,207,0,IC (Internal Combustion),dfo,6,KER (Kerosene),61488,61488-ENB1
79,0,0,1.9,-1.5,1.02,100,0,2.7,0.8,0,0,0,0,0,0,0,5.4,16.2,0,0,0,0,0,0,2,500,0,2,207,0,IC (Internal Combustion),dfo,7,KER (Kerosene),61488,61488-ENB2
79,0,0,2.1,-1.7,1.02,100,0,3,0.1,0,0,0,0,0,0,0,0.8,2.4,0,0,0,0,0,0,2,500,0,2,207,0,IC (Internal Combustion),dfo,8,DFO (Distillate Fuel Oil),61488,61488-SCI1
79,0,0,2.1,-1.7,1.02,100,0,3,0.1,0,0,0,0,0,0,0,0.8,2.4,0,0,0,0,0,0,2,500,0,2,207,0,IC (Internal Combustion),dfo,9,KER (Kerosene),61488,61488-SCI2
79,7.452475,-4.1,5.3,-4.1,1.02,100,1,7.5,4,0,0,0,0,0,0,0,37.5,112.5,0,0,0,0,0,0,2,2000,0,2,200.1,3220,GT (Gas Turbine),dfo,10,KER (Kerosene),61488,61488-GT
79,46.702179,-8.811411,32.9,-25.9,1.02,100,1,47,1,0,0,0,0,0,0,0,233,699,0,0,0,0,0,0,2,2000,0,2,200.1,3220,GT (Gas Turbine),dfo,11,KER (Kerosene),7915,7915-N01
79,0,0,109.300005,-85.900003,1.02,100,0,156.200004,44.999999,0,0,0,0,0,0,0,59.48,178.44,0,0,0,0,0,0,2,2500,0,2,31.5,660,ST (Steam Turbine),ng,12,NG (Natural Gas),2493,2493-6
79,178.859413,-8.811411,125.999999,-99.000001,1.02,100,1,179.999995,110.000002,0,0,0,0,0,0,0,398.2,1194.6,0,0,0,0,0,0,2,2000,0,2,23.88247011,1358.982632,GT (Gas Turbine),ng,13,NG (Natural Gas),2493,2493-1
79,178.859413,-8.811411,125.999999,-99.000001,1.02,100,1,179.999995,110.000002,0,0,0,0,0,0,0,390,1170,0,0,0,0,0,0,2,2000,0,2,23.81367379,1344.482541,GT (Gas Turbine),ng,14,NG (Natural Gas),2493,2493-2
79,0,0,139.999998,-110.000002,1.02,100,0,200,64.999998,0,0,0,0,0,0,0,72.12,216.36,0,0,0,0,0,0,2,2500,0,2,31.5,660,ST (Steam Turbine),ng,15,NG (Natural Gas),2493,2493-7
80,55.148321,-6.634805,38.9,-30.500001,1.02,100,1,55.500001,15.000001,0,0,0,0,0,0,0,0,0,0,0,0,0,0,0,2,0,0,2,207,0,ST (Steam Turbine),wood,1,WDS (Wood/Wood Waste Solids),10464,10464-GEN1
81,0,0,20,-20,1.0221,100,0,0,0,0,0,0,0,0,0,0,0,0,0,0,0,0,0,0,2,0,0,2,0,0,proxy,import,X,import,0,0
82,34.281385,-5.130744,24.2,-19,1.02,100,1,34.5,0,0,0,0,0,0,0,0,0,0,0,0,0,0,0,0,2,0,0,2,0,0,WT (Wind Turbine),wind,1,WND (Wind),56594,56594-MU1
83,7.841761,-2.032525,5.6,-4.4,1.02,100,1,8,4,0,0,0,0,0,0,0,5000,15000,0,0,0,0,0,0,2,0,0,2,0,0,HY (Hydro),hydro,1,WAT (Water),2610,2610-1
83,7.841761,-2.032525,5.6,-4.4,1.02,100,1,8,4,0,0,0,0,0,0,0,5000,15000,0,0,0,0,0,0,2,0,0,2,0,0,HY (Hydro),hydro,2,WAT (Water),2610,2610-2
84,10.782421,-0.991137,7.7,-6.1,1.02,100,1,11,1,0,0,0,0,0,0,0,5000,15000,0,0,0,0,0,0,2,0,0,2,0,0,HY (Hydro),hydro,1,WAT (Water),6527,6527-1
84,10.782421,-0.991137,7.7,-6.1,1.02,100,1,11,1,0,0,0,0,0,0,0,5000,15000,0,0,0,0,0,0,2,0,0,2,0,0,HY (Hydro),hydro,2,WAT (Water),6527,6527-2
95,66.575444,-0.043003,50.25,-46.900001,1.02,100,1,67.000002,37,0,0,0,0,0,0,0,510,1530,0,0,0,0,0,0,2,600,0,2,23.34,900,CC (Combined Cycle Generic),ng,C1,NG (Natural Gas),7784,7784_CC01
116,47.397739,-19.336724,33.399999,-26.199999,1.02,100,1,47.7,41.999999,0,0,0,0,0,0,0,235,705,0,0,0,0,0,0,2,2000,0,2,200.1,3220,GT (Gas Turbine),dfo,1,DFO (Distillate Fuel Oil),55600,55600-1
125,0,0,1.4,-1.1,1.02,100,0,2,0.1,0,0,0,0,0,0,0,4,12,0,0,0,0,0,0,2,500,0,2,207,0,IC (Internal Combustion),dfo,1,DFO (Distillate Fuel Oil),54592,54592-IC
125,0,0,76.574999,-71.469998,1.02,100,0,102.100003,75.999999,0,0,0,0,0,0,0,780,2340,0,0,0,0,0,0,2,910,0,2,23.34,900,CC (Combined Cycle Generic),ng,C1,NG (Natural Gas),54592,54592_CC1
127,708.878994,-62.350428,669.824982,-625.169992,1.02,100,1,893.099976,666.400003,0,0,0,0,0,0,0,1200,3600,0,0,0,0,0,0,2,8883,0,2,24.09532069,3740.623799,CC (Combined Cycle Generic),ng,C1,NG (Natural Gas),2539,2539_CC1
128,610.109282,-34.847471,429.799986,-337.700009,1.02,100,1,613.999987,461.000013,0,0,0,0,0,0,0,15.106,45.318,0,0,0,0,0,0,2,50000,20000,2,2.5,250,ST (Steam Turbine),nuclear,1,NUC (Nuclear),6122,6122-1
150,0,0,0.7,-0.6,1.02,100,0,1,0.3,0,0,0,0,0,0,0,2,6,0,0,0,0,0,0,2,500,0,2,207,0,IC (Internal Combustion),dfo,1,DFO (Distillate Fuel Oil),50368,50368-EDG1
150,0,0,0.7,-0.6,1.02,100,0,1,0.3,0,0,0,0,0,0,0,2,6,0,0,0,0,0,0,2,500,0,2,207,0,IC (Internal Combustion),dfo,2,DFO (Distillate Fuel Oil),50368,50368-EDG2
150,0,0,12.6,-11.76,1.02,100,0,16.8,8.2,0,0,0,0,0,0,0,140,420,0,0,0,0,0,0,2,163,0,2,23.34,900,CC (Combined Cycle Generic),ng,C1,NG (Natural Gas),50368,50368_CT1
150,0,0,15.525,-14.489999,1.02,100,0,20.7,8.4,0,0,0,0,0,0,0,170,510,0,0,0,0,0,0,2,202,0,2,23.34,900,CC (Combined Cycle Generic),ng,C2,NG (Natural Gas),50368,50368_CT2
161,19.873267,0,14,-11,1.02,100,1,20,0,0,0,0,0,0,0,0,0,0,0,0,0,0,0,0,2,0,0,2,0,0,WT (Wind Turbine),wind,1,WND (Wind),56575,56575-1
178,0,0,77.025002,-71.890002,1.02,100,0,102.699995,44.999999,0,0,0,0,0,0,0,540,1620,0,0,0,0,0,0,2,972,0,2,18.71058091,104.0596109,CC (Combined Cycle Generic),ng,C1,NG (Natural Gas),10621,10621_CC01
193,0,0,214.199996,-199.919999,1.02,100,0,285.599995,89.999998,0,0,0,0,0,0,0,900,2700,0,0,0,0,0,0,2,2762,0,2,15.72223382,1162.414478,CC (Combined Cycle Generic),ng,C1,NG (Natural Gas),54574,54574_CA
194,19.873267,0,14,-11,1.02,100,1,20,0,0,0,0,0,0,0,0,200,600,0,0,0,0,0,0,2,0,0,2,0,0,"BA (Energy Storage, Battery)",other,1,MWH (Electricity use for Energy Storage),62147,62147-KNY1
199,0,0,5,-4,1.02,100,0,7.2,1,0,0,0,0,0,0,0,2.88,8.64,0,0,0,0,0,0,2,2500,0,2,234.6,4876,ST (Steam Turbine),dfo,1,DFO (Distillate Fuel Oil),58157,58157-LP
199,0,0,12.7,-10,1.02,100,0,18.2,2,0,0,0,0,0,0,0,10,30,0,0,0,0,0,0,2,2500,0,2,234.6,4876,ST (Steam Turbine),dfo,2,DFO (Distillate Fuel Oil),58157,58157-HP
212,0,0,0.6,-0.4,1.02,100,0,0.8,0.6,0,0,0,0,0,0,0,0,0,0,0,0,0,0,0,2,0,0,2,22.5,0,IC (Internal Combustion),other,1,LFG (Landfill Gas),56250,56250-GEN1
212,0,0,0.6,-0.4,1.02,100,0,0.8,0.6,0,0,0,0,0,0,0,0,0,0,0,0,0,0,0,2,0,0,2,0,0,IC (Internal Combustion),other,2,LFG (Landfill Gas),56250,56250-GEN2
212,0,0,0.6,-0.4,1.02,100,0,0.8,0.6,0,0,0,0,0,0,0,0,0,0,0,0,0,0,0,2,0,0,2,207,0,IC (Internal Combustion),other,3,LFG (Landfill Gas),56250,56250-GEN3
212,0,0,0.6,-0.4,1.02,100,0,0.8,0.6,0,0,0,0,0,0,0,0,0,0,0,0,0,0,0,2,0,0,2,207,0,IC (Internal Combustion),other,4,LFG (Landfill Gas),56250,56250-GEN4
212,0,0,0.6,-0.4,1.02,100,0,0.8,0.6,0,0,0,0,0,0,0,0,0,0,0,0,0,0,0,2,0,0,2,0,0,IC (Internal Combustion),other,5,LFG (Landfill Gas),56250,56250-GEN5
212,0,0,0.6,-0.4,1.02,100,0,0.8,0.6,0,0,0,0,0,0,0,0,0,0,0,0,0,0,0,2,0,0,2,0,0,IC (Internal Combustion),other,6,LFG (Landfill Gas),56250,56250-GEN6
212,0,0,0.6,-0.4,1.02,100,0,0.8,0.6,0,0,0,0,0,0,0,0,0,0,0,0,0,0,0,2,0,0,2,0,0,IC (Internal Combustion),other,7,LFG (Landfill Gas),56250,56250-GEN7
212,0,0,0.6,-0.4,1.02,100,0,0.8,0.6,0,0,0,0,0,0,0,0,0,0,0,0,0,0,0,2,0,0,2,0,0,IC (Internal Combustion),other,8,LFG (Landfill Gas),56250,56250-GEN8
212,0,0,1.1,-0.9,1.02,100,0,1.6,0.8,0,0,0,0,0,0,0,0,0,0,0,0,0,0,0,2,0,0,2,0,0,IC (Internal Combustion),other,9,LFG (Landfill Gas),56250,56250-GEN10
212,0,0,1.1,-0.9,1.02,100,0,1.6,0.8,0,0,0,0,0,0,0,0,0,0,0,0,0,0,0,2,0,0,2,0,0,IC (Internal Combustion),other,10,LFG (Landfill Gas),56250,56250-GEN11
212,0,0,1.1,-0.9,1.02,100,0,1.6,0.8,0,0,0,0,0,0,0,0,0,0,0,0,0,0,0,2,0,0,2,0,0,IC (Internal Combustion),other,11,LFG (Landfill Gas),56250,56250-GEN9
234,0,0,0.8,-0.6,1.02,100,0,1.1,0.5,0,0,0,0,0,0,0,2,6,0,0,0,0,0,0,2,500,0,2,207,0,IC (Internal Combustion),dfo,1,DFO (Distillate Fuel Oil),54593,54593-GEN3
234,0,0,49.649999,-46.340001,1.02,100,0,66.2,48.800001,0,0,0,0,0,0,0,510,1530,0,0,0,0,0,0,2,591,0,2,22.87600465,301.0393796,CC (Combined Cycle Generic),ng,C1,NG (Natural Gas),54593,54593_CC01
250,0.392088,0.3,0.3,-0.2,1.02,100,1,0.4,0.1,0,0,0,0,0,0,0,5000,15000,0,0,0,0,0,0,2,0,0,2,0,0,HY (Hydro),hydro,1,WAT (Water),10025,10025-KPR1
250,0,0,2.1,-1.7,1.02,100,0,3,0.4,0,0,0,0,0,0,0,0.0572,0.1716,0,0,0,0,0,0,2,5000,1000,2,40,2400,ST (Steam Turbine),coal,2,BIT (Bituminous Coal),10025,10025-75TG
250,0,0,8.8,-6.9,1.02,100,0,12.5,4,0,0,0,0,0,0,0,0.325,0.975,0,0,0,0,0,0,2,5000,1000,2,40,2400,ST (Steam Turbine),coal,3,BIT (Bituminous Coal),10025,10025-22TG
250,12.546818,9,9,-7,1.02,100,1,12.800001,0,0,0,0,0,0,0,0,5000,15000,0,0,0,0,0,0,2,0,0,2,0,0,HY (Hydro),hydro,4,WAT (Water),2641,2641-2
250,12.546818,9,9,-7,1.02,100,1,12.800001,0,0,0,0,0,0,0,0,5000,15000,0,0,0,0,0,0,2,0,0,2,0,0,HY (Hydro),hydro,5,WAT (Water),2641,2641-HY1
250,0,0,10.5,-8.3,1.02,100,0,15.000001,4,0,0,0,0,0,0,0,0.39,1.17,0,0,0,0,0,0,2,5000,1000,2,40,2400,ST (Steam Turbine),coal,6,BIT (Bituminous Coal),10025,10025-17TG
250,17.643961,12.6,12.6,-9.9,1.02,100,1,18.000001,0,0,0,0,0,0,0,0,5000,15000,0,0,0,0,0,0,2,0,0,2,0,0,HY (Hydro),hydro,7,WAT (Water),2641,2641-HY3
250,0,0,17.900001,-14.1,1.02,100,0,25.600001,5,0,0,0,0,0,0,0,0.6656,1.9968,0,0,0,0,0,0,2,5000,1000,2,40,2400,ST (Steam Turbine),coal,8,BIT (Bituminous Coal),10025,10025-41TG
250,0,0,17.900001,-14.1,1.02,100,0,25.600001,5,0,0,0,0,0,0,0,0.6656,1.9968,0,0,0,0,0,0,2,5000,1000,2,40,2400,ST (Steam Turbine),coal,9,BIT (Bituminous Coal),10025,10025-42TG
250,0,0,17.900001,-14.1,1.02,100,0,25.600001,5,0,0,0,0,0,0,0,0.6656,1.9968,0,0,0,0,0,0,2,5000,1000,2,40,2400,ST (Steam Turbine),coal,10,BIT (Bituminous Coal),10025,10025-43TG
250,0,0,17.900001,-14.1,1.02,100,0,25.600001,5,0,0,0,0,0,0,0,0.6656,1.9968,0,0,0,0,0,0,2,5000,1000,2,40,2400,ST (Steam Turbine),coal,11,BIT (Bituminous Coal),10025,10025-44TG
284,24.841583,12.380904,17.5,-13.8,1.02,100,1,25,3,0,0,0,0,0,0,0,0,0,0,0,0,0,0,0,2,0,0,2,2.5,250,ST (Steam Turbine),other,1,MSW (Municipal Solid Waste),50472,50472-GEN1
284,24.841583,12.380904,17.5,-13.8,1.02,100,1,25,3,0,0,0,0,0,0,0,0,0,0,0,0,0,0,0,2,0,0,2,0,0,ST (Steam Turbine),other,2,MSW (Municipal Solid Waste),50472,50472-GEN2
317,59.520429,0.477782,44.925001,-41.929999,1.02,100,1,59.899998,40.000001,0,0,0,0,0,0,0,490,1470,0,0,0,0,0,0,2,578,0,2,31.56870165,329.5379102,CC (Combined Cycle Generic),ng,C1,NG (Natural Gas),50451,50451_CC1
339,39.249703,21.007411,27.700001,-21.699999,1.02,100,1,39.500001,3.5,0,0,0,0,0,0,0,0,0,0,0,0,0,0,0,2,0,0,2,2.5,250,ST (Steam Turbine),other,1,MSW (Municipal Solid Waste),50662,50662-GEN1
357,877.702904,-39.016125,618.300009,-485.79998,1.02,100,1,883.300018,661.999989,0,0,0,0,0,0,0,22.2014,66.6042,0,0,0,0,0,0,2,50000,20000,2,0,0,ST (Steam Turbine),nuclear,1,NUC (Nuclear),6110,6110-1
358,542.534351,-29.940206,407.175016,-380.029988,1.02,100,1,542.89999,225,0,0,0,0,0,0,0,900,2700,0,0,0,0,0,0,2,5655,0,2,14.12547014,1735.556719,CC (Combined Cycle Generic),ng,C3,NG (Natural Gas),54547,54547_BLK1
358,543.200016,-29.940206,407.399988,-380.240011,1.02,100,1,543.200016,225,0,0,0,0,0,0,0,900,2700,0,0,0,0,0,0,2,5655,0,2,15.67151405,1114.531084,CC (Combined Cycle Generic),ng,C4,NG (Natural Gas),54547,54547_BLK2
368,29.809901,6.309757,20.999999,-16.500001,1.02,100,1,30.000001,0.1,0,0,0,0,0,0,0,0,0,0,0,0,0,0,0,2,0,0,2,0,0,WT (Wind Turbine),wind,1,WND (Wind),55790,55790-1
378,3.92088,1.872416,2.8,-2.2,1.02,100,1,4,2.8,0,0,0,0,0,0,0,5000,15000,0,0,0,0,0,0,2,0,0,2,0,0,HY (Hydro),hydro,1,WAT (Water),2552,2552-1
378,3.92088,1.872416,2.8,-2.2,1.02,100,1,4,2.8,0,0,0,0,0,0,0,5000,15000,0,0,0,0,0,0,2,0,0,2,0,0,HY (Hydro),hydro,2,WAT (Water),2552,2552-2
378,3.92088,1.872416,2.8,-2.2,1.02,100,1,4,2.8,0,0,0,0,0,0,0,5000,15000,0,0,0,0,0,0,2,0,0,2,0,0,HY (Hydro),hydro,3,WAT (Water),2552,2552-3
381,0,0,0.8,-0.6,1.02,100,0,1.1,0.2,0,0,0,0,0,0,0,2.2,6.6,0,0,0,0,0,0,2,500,0,2,207,0,IC (Internal Combustion),dfo,1,DFO (Distillate Fuel Oil),50744,50744-GEN3
381,63.793194,1.441872,48.15,-44.940001,1.02,100,1,64.200002,47,0,0,0,0,0,0,0,540,1620,0,0,0,0,0,0,2,641,0,2,22.00114557,261.5422658,CC (Combined Cycle Generic),ng,C1,NG (Natural Gas),50744,50744_CC1
395,32.790887,-17.551784,23.100001,-18.2,1.02,100,1,33.000001,0.3,0,0,0,0,0,0,0,0,0,0,0,0,0,0,0,2,0,0,2,0,0,WT (Wind Turbine),wind,1,WND (Wind),56290,56290-2
395,60.613459,-17.551784,42.699999,-33.6,1.02,100,1,61.000001,0.5,0,0,0,0,0,0,0,0,0,0,0,0,0,0,0,2,0,0,2,0,0,WT (Wind Turbine),wind,2,WND (Wind),56290,56290-1A
395,90.423363,-17.551784,63.700002,-50.099999,1.02,100,1,91.000003,0.7,0,0,0,0,0,0,0,0,0,0,0,0,0,0,0,2,0,0,2,0,0,WT (Wind Turbine),wind,3,WND (Wind),56290,56290-3
395,136.131895,-17.551784,95.899999,-75.400001,1.02,100,1,137,1.1,0,0,0,0,0,0,0,0,0,0,0,0,0,0,0,2,0,0,2,0,0,WT (Wind Turbine),wind,4,WND (Wind),56290,56290-1
399,73.531085,4.055858,51.800001,-40.700001,1.02,100,1,74.000001,0,0,0,0,0,0,0,0,0,0,0,0,0,0,0,0,2,0,0,2,0,0,WT (Wind Turbine),wind,1,WND (Wind),57287,57287-1
405,25.485721,-3.76251,18.2,-14.300001,1.02,100,1,25.999999,1,0,0,0,0,0,0,0,5000,15000,0,0,0,0,0,0,2,0,0,2,0,0,HY (Hydro),hydro,1,WAT (Water),2613,2613-1
406,14.703302,-1.363638,10.5,-8.3,1.02,100,1,15.000001,1,0,0,0,0,0,0,0,5000,15000,0,0,0,0,0,0,2,0,0,2,0,0,HY (Hydro),hydro,1,WAT (Water),2547,2547-1
407,24.5055,-3.852521,17.5,-13.8,1.02,100,1,25,1,0,0,0,0,0,0,0,5000,15000,0,0,0,0,0,0,2,0,0,2,0,0,HY (Hydro),hydro,1,WAT (Water),2600,2600-1
408,23.525281,-3.51656,16.8,-13.2,1.02,100,1,23.999999,1,0,0,0,0,0,0,0,5000,15000,0,0,0,0,0,0,2,0,0,2,0,0,HY (Hydro),hydro,1,WAT (Water),2562,2562-1
409,20.584621,1.928565,14.7,-11.6,1.02,100,1,20.999999,1,0,0,0,0,0,0,0,5000,15000,0,0,0,0,0,0,2,0,0,2,0,0,HY (Hydro),hydro,1,WAT (Water),2611,2611-1
463,1.274286,-0.163747,0.9,-0.7,1.02,100,1,1.3,0.2,0,0,0,0,0,0,0,5000,15000,0,0,0,0,0,0,2,0,0,2,0,0,HY (Hydro),hydro,1,WAT (Water),2609,2609-6
463,6.861541,-0.163747,4.9,-3.9,1.02,100,1,7,1,0,0,0,0,0,0,0,5000,15000,0,0,0,0,0,0,2,0,0,2,0,0,HY (Hydro),hydro,2,WAT (Water),2609,2609-1
463,6.861541,-0.163747,4.9,-3.9,1.02,100,1,7,1,0,0,0,0,0,0,0,5000,15000,0,0,0,0,0,0,2,0,0,2,0,0,HY (Hydro),hydro,3,WAT (Water),2609,2609-2
463,6.861541,-0.163747,4.9,-3.9,1.02,100,1,7,1,0,0,0,0,0,0,0,5000,15000,0,0,0,0,0,0,2,0,0,2,0,0,HY (Hydro),hydro,4,WAT (Water),2609,2609-3
463,6.861541,-0.163747,4.9,-3.9,1.02,100,1,7,1,0,0,0,0,0,0,0,5000,15000,0,0,0,0,0,0,2,0,0,2,0,0,HY (Hydro),hydro,5,WAT (Water),2609,2609-4
463,6.861541,-0.163747,4.9,-3.9,1.02,100,1,7,1,0,0,0,0,0,0,0,5000,15000,0,0,0,0,0,0,2,0,0,2,0,0,HY (Hydro),hydro,6,WAT (Water),2609,2609-5
469,14.308752,5.47595,10.1,-7.9,1.02,100,1,14.399999,2,0,0,0,0,0,0,0,0,0,0,0,0,0,0,0,2,0,0,2,0,0,ST (Steam Turbine),other,1,MSW (Municipal Solid Waste),10503,10503-GEN1
474,8.821981,6.3,6.3,-5,1.02,100,1,9,4,0,0,0,0,0,0,0,5000,15000,0,0,0,0,0,0,2,0,0,2,0,0,HY (Hydro),hydro,1,WAT (Water),2612,2612-8
474,46.070346,21.759251,32.9,-25.9,1.02,100,1,47,8,0,0,0,0,0,0,0,5000,15000,0,0,0,0,0,0,2,0,0,2,0,0,HY (Hydro),hydro,2,WAT (Water),2612,2612-9
492,0,0,29.499999,-23.199999,1.02,100,0,42.1,2,0,0,0,0,0,0,0,15.6,46.8,0,0,0,0,0,0,2,2500,0,2,234.6,4876,ST (Steam Turbine),dfo,1,DFO (Distillate Fuel Oil),54099,54099-GEN1
508,0,0,80.400002,-75.040001,1.02,100,0,107.200003,56,0,0,0,0,0,0,0,300,900,0,0,0,0,0,0,2,1055,0,2,22.41639194,189.4071384,CC (Combined Cycle Generic),ng,C1,NG (Natural Gas),10725,10725_F801
508,338.333488,-21.931136,254.099989,-237.159991,1.02,100,1,338.800001,100.999999,0,0,0,0,0,0,0,300,900,0,0,0,0,0,0,2,3331,0,2,26.74196512,-287.138198,CC (Combined Cycle Generic),ng,C2,NG (Natural Gas),10725,10725_F802
526,17.643961,-0.59644,12.6,-9.9,1.02,100,1,18.000001,1,0,0,0,0,0,0,0,5000,15000,0,0,0,0,0,0,2,0,0,2,0,0,HY (Hydro),hydro,1,WAT (Water),2627,2627-GRHM
535,41.634494,-23,29.300001,-23,1.02,100,1,41.9,5,0,0,0,0,0,0,0,200,600,0,0,0,0,0,0,2,2000,0,2,200.1,3220,GT (Gas Turbine),dfo,1,DFO (Distillate Fuel Oil),2632,2632-SHOE
535,769.999981,-42.934996,577.50001,-538.999987,1.02,100,1,769.999981,385.99999,0,0,0,0,0,0,0,900,2700,0,0,0,0,0,0,2,7554,0,2,23.34,900,CC (Combined Cycle Generic),ng,C1,NG (Natural Gas),56940,56940_G921
546,46.205348,0,32.600001,-25.600001,1.02,100,1,46.5,5,0,0,0,0,0,0,0,219,657,0,0,0,0,0,0,2,2000,0,2,200.1,3220,GT (Gas Turbine),dfo,1,DFO (Distillate Fuel Oil),2628,2628-GEN1
547,0,0,0.1,-0.1,1.02,100,0,0.2,0.1,0,0,0,0,0,0,0,0.5,1.5,0,0,0,0,0,0,2,500,0,2,207,0,IC (Internal Combustion),dfo,1,DFO (Distillate Fuel Oil),62423,62423-778NG
547,0,0,0.3,-0.2,1.02,100,0,0.4,0.3,0,0,0,0,0,0,0,1,3,0,0,0,0,0,0,2,500,0,2,207,0,IC (Internal Combustion),dfo,2,DFO (Distillate Fuel Oil),62423,62423-777NG
547,0,0,0.6,-0.4,1.02,100,0,0.8,0.2,0,0,0,0,0,0,0,2,6,0,0,0,0,0,0,2,500,0,2,207,0,IC (Internal Combustion),dfo,3,DFO (Distillate Fuel Oil),62423,62423-771NG
547,0,0,0.7,-0.6,1.02,100,0,1,0.1,0,0,0,0,0,0,0,2,6,0,0,0,0,0,0,2,500,0,2,207,0,IC (Internal Combustion),dfo,4,DFO (Distillate Fuel Oil),62423,62423-735G2
547,0,0,0.7,-0.6,1.02,100,0,1,0.3,0,0,0,0,0,0,0,2,6,0,0,0,0,0,0,2,500,0,2,207,0,IC (Internal Combustion),dfo,5,DFO (Distillate Fuel Oil),62423,62423-777G1
547,0,0,0.7,-0.6,1.02,100,0,1,0.2,0,0,0,0,0,0,0,2,6,0,0,0,0,0,0,2,500,0,2,207,0,IC (Internal Combustion),dfo,6,DFO (Distillate Fuel Oil),62423,62423-785G1
547,0,0,1.1,-0.8,1.02,100,0,1.5,0.1,0,0,0,0,0,0,0,3,9,0,0,0,0,0,0,2,500,0,2,207,0,IC (Internal Combustion),dfo,7,DFO (Distillate Fuel Oil),62423,62423-735G1
547,0,0,1.1,-0.8,1.02,100,0,1.5,0.1,0,0,0,0,0,0,0,3,9,0,0,0,0,0,0,2,500,0,2,207,0,IC (Internal Combustion),dfo,8,DFO (Distillate Fuel Oil),62423,62423-745G1
547,0,0,1.1,-0.8,1.02,100,0,1.5,0.3,0,0,0,0,0,0,0,3,9,0,0,0,0,0,0,2,500,0,2,207,0,IC (Internal Combustion),dfo,9,DFO (Distillate Fuel Oil),62423,62423-745G2
547,0,0,1.4,-1.1,1.02,100,0,2,0.3,0,0,0,0,0,0,0,4,12,0,0,0,0,0,0,2,500,0,2,207,0,IC (Internal Combustion),dfo,10,DFO (Distillate Fuel Oil),62423,62423-795G1
547,0,0,1.4,-1.1,1.02,100,0,2,0.3,0,0,0,0,0,0,0,4,12,0,0,0,0,0,0,2,500,0,2,207,0,IC (Internal Combustion),dfo,11,DFO (Distillate Fuel Oil),62423,62423-795G2
547,0,0,1.8,-1.4,1.02,100,0,2.5,0.3,0,0,0,0,0,0,0,5,15,0,0,0,0,0,0,2,500,0,2,207,0,IC (Internal Combustion),dfo,12,DFO (Distillate Fuel Oil),62423,62423-765G1
552,15.898612,-8.8,11.2,-8.8,1.01,100,1,16,10.6,0,0,0,0,0,0,0,83,249,0,0,0,0,0,0,2,500,0,2,200.1,3220,GT (Gas Turbine),dfo,1,DFO (Distillate Fuel Oil),2517,2517-GT1
552,0,0,37.099999,-29.2,1.01,100,0,52.999997,37,0,0,0,0,0,0,0,233.5,700.5,0,0,0,0,0,0,2,2000,0,2,31.5,120,GT (Gas Turbine),ng,2,NG (Natural Gas),2517,2517-GT2
552,0,0,37.099999,-29.2,1.01,100,0,52.999997,37,0,0,0,0,0,0,0,235.5,706.5,0,0,0,0,0,0,2,2000,0,2,31.5,120,GT (Gas Turbine),ng,3,NG (Natural Gas),2517,2517-GT3
552,186.808717,0,131.599998,-103.400004,1.01,100,1,188,15.000001,0,0,0,0,0,0,0,75.68,227.04,0,0,0,0,0,0,2,2500,0,2,30.41682586,264.489799,ST (Steam Turbine),ng,4,NG (Natural Gas),2517,2517-3
552,186.808717,0,131.599998,-103.400004,1.01,100,1,188,15.000001,0,0,0,0,0,0,0,77.88,233.64,0,0,0,0,0,0,2,2500,0,2,28.54691148,418.8216383,ST (Steam Turbine),ng,5,NG (Natural Gas),2517,2517-4
554,69.970232,0,261.675,-244.230008,1.01,100,1,348.899984,229.999995,0,0,0,0,0,0,0,600,1800,0,0,0,0,0,0,2,3859,0,2,21.90853059,-366.819829,CC (Combined Cycle Generic),ng,C1,NG (Natural Gas),56234,56234_CC01
556,528.000021,0,396.000004,-369.60001,1.02,100,1,528.000021,202.999997,0,0,0,0,0,0,0,900,2700,0,0,0,0,0,0,2,5810,0,2,18.72166488,1340.379444,CC (Combined Cycle Generic),ng,C1,NG (Natural Gas),56196,56196_CC1
557,41.634494,6.307371,29.300001,-23,1.02,100,1,41.9,18.6,0,0,0,0,0,0,0,227.5,682.5,0,0,0,0,0,0,2,2000,0,2,31.5,120,GT (Gas Turbine),ng,1,NG (Natural Gas),55243,55243-3-2
557,41.634494,6.307371,29.300001,-23,1.02,100,1,41.9,18.6,0,0,0,0,0,0,0,224,672,0,0,0,0,0,0,2,2000,0,2,31.5,120,GT (Gas Turbine),ng,2,NG (Natural Gas),55243,55243-4-1
557,41.634494,6.307371,29.300001,-23,1.02,100,1,41.9,18.6,0,0,0,0,0,0,0,233,699,0,0,0,0,0,0,2,2000,0,2,31.5,120,GT (Gas Turbine),ng,3,NG (Natural Gas),55243,55243-3-4
557,41.634494,6.307371,29.300001,-23,1.02,100,1,41.9,18.6,0,0,0,0,0,0,0,226,678,0,0,0,0,0,0,2,2000,0,2,31.5,120,GT (Gas Turbine),ng,4,NG (Natural Gas),55243,55243-3-3
557,41.634494,6.307371,29.300001,-23,1.02,100,1,41.9,18.6,0,0,0,0,0,0,0,229,687,0,0,0,0,0,0,2,2000,0,2,31.5,120,GT (Gas Turbine),ng,5,NG (Natural Gas),55243,55243-2-2
557,41.634494,6.307371,29.300001,-23,1.02,100,1,41.9,18.6,0,0,0,0,0,0,0,235,705,0,0,0,0,0,0,2,2000,0,2,29.4,112,GT (Gas Turbine),ng,6,NG (Natural Gas),55243,55243-2-3
557,41.634494,6.307371,29.300001,-23,1.02,100,1,41.9,18.6,0,0,0,0,0,0,0,220,660,0,0,0,0,0,0,2,2000,0,2,29.4,112,GT (Gas Turbine),ng,7,NG (Natural Gas),55243,55243-4-4
557,41.634494,6.307371,29.300001,-23,1.02,100,1,41.9,18.6,0,0,0,0,0,0,0,233,699,0,0,0,0,0,0,2,2000,0,2,29.4,112,GT (Gas Turbine),ng,8,NG (Natural Gas),55243,55243-2-4
557,41.634494,6.307371,29.300001,-23,1.02,100,1,41.9,18.6,0,0,0,0,0,0,0,222.5,667.5,0,0,0,0,0,0,2,2000,0,2,29.4,112,GT (Gas Turbine),ng,9,NG (Natural Gas),55243,55243-3-1
557,41.634494,6.307371,29.300001,-23,1.02,100,1,41.9,18.6,0,0,0,0,0,0,0,223,669,0,0,0,0,0,0,2,2000,0,2,29.4,112,GT (Gas Turbine),ng,10,NG (Natural Gas),55243,55243-4-3
557,41.634494,6.307371,29.300001,-23,1.02,100,1,41.9,18.6,0,0,0,0,0,0,0,214,642,0,0,0,0,0,0,2,2000,0,2,29.4,112,GT (Gas Turbine),ng,11,NG (Natural Gas),55243,55243-4-2
557,41.634494,6.307371,29.300001,-23,1.02,100,1,41.9,18.6,0,0,0,0,0,0,0,230,690,0,0,0,0,0,0,2,2000,0,2,29.4,112,GT (Gas Turbine),ng,12,NG (Natural Gas),55243,55243-2-1
562,213.63759,-24.833886,150.5,-118.299997,1.02,100,1,215.00001,1.5,0,0,0,0,0,0,0,0,0,0,0,0,0,0,0,2,0,0,2,0,0,WT (Wind Turbine),wind,1,WND (Wind),56857,56857-GEN1
563,71.543759,28.778949,54.000002,-50.400001,1.02,100,1,72.000003,50,0,0,0,0,0,0,0,300,900,0,0,0,0,0,0,2,788,0,2,28.38878185,-179.7337242,CC (Combined Cycle Generic),ng,C1,NG (Natural Gas),10190,10190_CCCC
564,18.48214,-5.366233,13,-10.2,1.01,100,1,18.6,12,0,0,0,0,0,0,0,98.5,295.5,0,0,0,0,0,0,2,500,0,2,200.1,3220,GT (Gas Turbine),dfo,1,DFO (Distillate Fuel Oil),2518,2518-GT2
564,52.564788,-5.366233,37,-29.100001,1.01,100,1,52.899998,39.399999,0,0,0,0,0,0,0,325,975,0,0,0,0,0,0,2,500,0,2,200.1,3220,GT (Gas Turbine),dfo,2,DFO (Distillate Fuel Oil),2518,2518-GT1
565,59.321702,0,41.800001,-32.800001,1.02,100,1,59.7,7,0,0,0,0,0,0,0,0,0,0,0,0,0,0,0,2,0,0,2,2.5,250,ST (Steam Turbine),other,1,MSW (Municipal Solid Waste),50882,50882-GEN1
569,0,0,0.3,-0.2,1.01,100,0,0.4,0.4,0,0,0,0,0,0,0,0.8,2.4,0,0,0,0,0,0,2,500,0,2,207,0,IC (Internal Combustion),dfo,1,DFO (Distillate Fuel Oil),50292,50292-GEN4
569,0,0,41.999999,-33.000001,1.01,100,0,60.000002,34.999999,0,0,0,0,0,0,0,248,744,0,0,0,0,0,0,2,2000,0,2,31.5,120,GT (Gas Turbine),ng,6,NG (Natural Gas),50292,50292-GEN5
569,83.070254,0,62.699997,-58.520001,1.01,100,1,83.600003,34.999999,0,0,0,0,0,0,0,500,1500,0,0,0,0,0,0,2,590,0,2,14.92952298,216.1806621,CC (Combined Cycle Generic),ng,C1,NG (Natural Gas),50292,50292_G602
569,95.999998,0,72.000003,-67.199999,1.01,100,1,95.999998,40.000001,0,0,0,0,0,0,0,720,2160,0,0,0,0,0,0,2,840,0,2,27.80251679,-125.0079213,CC (Combined Cycle Generic),ng,C2,NG (Natural Gas),50292,50292_G603
570,120.432007,0,90.899998,-84.84,1.02,100,1,121.200001,66.000003,0,0,0,0,0,0,0,1070,3210,0,0,0,0,0,0,2,1259,0,2,24.63264137,452.0948561,CC (Combined Cycle Generic),ng,C1,NG (Natural Gas),54114,54114_CC1
571,0.017716,12.6,12.6,-9.9,1.02,100,1,18.000001,1,0,0,0,0,0,0,0,75,225,0,0,0,0,0,0,2,2000,0,2,31.5,120,GT (Gas Turbine),ng,1,NG (Natural Gas),2490,2490-GT1
571,170.950401,39.427435,239.400005,-188.100004,1.02,100,1,342.000008,89.999998,0,0,0,0,0,0,0,136.64,409.92,0,0,0,0,0,0,2,2500,0,2,31.5,660,ST (Steam Turbine),ng,2,NG (Natural Gas),2490,2490-2
571,535.500002,39.427435,374.900007,-294.499993,1.02,100,1,535.500002,150,0,0,0,0,0,0,0,208.92,626.76,0,0,0,0,0,0,2,2500,0,2,31.5,660,ST (Steam Turbine),ng,3,NG (Natural Gas),2490,2490-3
571,129.999995,39.427,9900,-9900,1.02,100,1,129.999995,129.999995,0,0,0,0,0,0,0,0,0,0,0,0,0,0,0,2,0,0,2,0,0,proxy,import,x,import,0,0
573,3.528792,-1.524866,2.5,-2,1.02,100,1,3.6,0.5,0,0,0,0,0,0,0,5000,15000,0,0,0,0,0,0,2,0,0,2,0,0,HY (Hydro),hydro,1,WAT (Water),50512,50512-GEN3
573,14.213191,-1.524866,10.2,-8,1.02,100,1,14.5,2.2,0,0,0,0,0,0,0,5000,15000,0,0,0,0,0,0,2,0,0,2,0,0,HY (Hydro),hydro,2,WAT (Water),50512,50512-GEN1
573,14.213191,-1.524866,10.2,-8,1.02,100,1,14.5,2.2,0,0,0,0,0,0,0,5000,15000,0,0,0,0,0,0,2,0,0,2,0,0,HY (Hydro),hydro,3,WAT (Water),50512,50512-GEN2
575,4.9011,3.5,3.5,-2.8,1.02,100,1,5,2.8,0,0,0,0,0,0,0,5000,15000,0,0,0,0,0,0,2,0,0,2,0,0,HY (Hydro),hydro,1,WAT (Water),2569,2569-1
575,4.9011,3.5,3.5,-2.8,1.02,100,1,5,2.8,0,0,0,0,0,0,0,5000,15000,0,0,0,0,0,0,2,0,0,2,0,0,HY (Hydro),hydro,2,WAT (Water),2569,2569-2
577,16.892277,-6.554218,11.9,-9.4,1.01,100,1,17,1,0,0,0,0,0,0,0,0,0,0,0,0,0,0,0,2,0,0,2,0,0,ST (Steam Turbine),other,1,MSW (Municipal Solid Waste),50649,50649-GEN1
577,81.480396,-6.554218,61.500001,-57.4,1.01,100,1,81.999999,44.999999,0,0,0,0,0,0,0,660,1980,0,0,0,0,0,0,2,771,0,2,28.08306041,138.0684301,CC (Combined Cycle Generic),ng,C1,NG (Natural Gas),56188,56188_CC1
579,0,0,18.799999,-14.8,1.02,100,0,26.899999,5,0,0,0,0,0,0,0,10,30,0,0,0,0,0,0,2,2500,0,2,234.6,4876,ST (Steam Turbine),dfo,1,DFO (Distillate Fuel Oil),10803,10803-GEN3
580,150,-62.427002,9900,-9900,1.03,100,1,150,150,0,0,0,0,0,0,0,0,0,0,0,0,0,0,0,2,0,0,2,0,0,proxy,import,x,import,0,0
589,78.101945,-43.200001,55.000001,-43.200001,1.01,100,1,78.600001,23.999999,0,0,0,0,0,0,0,0,0,0,0,0,0,0,0,2,0,0,2,0,0,ST (Steam Turbine),other,3,MSW (Municipal Solid Waste),10642,10642-GEN1
589,54.651493,0,41.249999,-38.499999,1.01,100,1,55.000001,37.799999,0,0,0,0,0,0,0,480,1440,0,0,0,0,0,0,2,570,0,2,26.91829679,312.2411644,CC (Combined Cycle Generic),ng,C1,NG (Natural Gas),52056,52056_CC1
595,0.046259,0,32.9,-25.9,1.02,100,1,47,1,0,0,0,0,0,0,0,199.5,598.5,0,0,0,0,0,0,2,2000,0,2,18.91828159,487.0582869,GT (Gas Turbine),ng,1,NG (Natural Gas),7913,7913-HG01
595,0.046259,0,32.9,-25.9,1.02,100,1,47,1,0,0,0,0,0,0,0,200,600,0,0,0,0,0,0,2,2000,0,2,23.12146957,347.8130391,GT (Gas Turbine),ng,2,NG (Natural Gas),7913,7913-HG02
595,0.046259,0,32.9,-25.9,1.02,100,1,47,1,0,0,0,0,0,0,0,199.5,598.5,0,0,0,0,0,0,2,2000,0,2,31.5,120,GT (Gas Turbine),ng,3,NG (Natural Gas),7914,7914-HR01
595,0.046259,0,32.9,-25.9,1.02,100,1,47,1,0,0,0,0,0,0,0,200,600,0,0,0,0,0,0,2,2000,0,2,20.46607064,440.584602,GT (Gas Turbine),ng,4,NG (Natural Gas),7914,7914-HR02
596,0,0,1.2,-0.9,1.02,100,0,1.7,0.3,0,0,0,0,0,0,0,3,9,0,0,0,0,0,0,2,500,0,2,207,0,IC (Internal Combustion),dfo,1,DFO (Distillate Fuel Oil),52168,52168-U0007
596,0,0,9,-7.1,1.02,100,0,12.899999,10.3,0,0,0,0,0,0,0,63,189,0,0,0,0,0,0,2,2000,0,2,200.1,3220,GT (Gas Turbine),dfo,2,DFO (Distillate Fuel Oil),52168,52168-GEN3
596,0,0,9,-7.1,1.02,100,0,12.899999,10.3,0,0,0,0,0,0,0,63,189,0,0,0,0,0,0,2,2000,0,2,200.1,3220,GT (Gas Turbine),dfo,3,DFO (Distillate Fuel Oil),52168,52168-GEN4
596,0,0,11.2,-8.8,1.02,100,0,16,3,0,0,0,0,0,0,0,10,30,0,0,0,0,0,0,2,2500,0,2,234.6,4876,ST (Steam Turbine),dfo,4,DFO (Distillate Fuel Oil),52168,52168-GEN2
600,0,0,0.1,-0.1,1.02,100,0,0.1,0,0,0,0,0,0,0,0,0.2,0.6,0,0,0,0,0,0,2,500,0,2,27,0,IC (Internal Combustion),ng,1,NG (Natural Gas),61026,61026-GARG
600,0,0,0.1,-0.1,1.02,100,0,0.2,0.1,0,0,0,0,0,0,0,0.4,1.2,0,0,0,0,0,0,2,500,0,2,27,0,IC (Internal Combustion),ng,2,NG (Natural Gas),58507,58507-EMG07
600,0,0,0.1,-0.1,1.02,100,0,0.2,0.1,0,0,0,0,0,0,0,0.4,1.2,0,0,0,0,0,0,2,500,0,2,27,0,IC (Internal Combustion),ng,3,NG (Natural Gas),58507,58507-EMG08
600,0,0,0.2,-0.2,1.02,100,0,0.3,0.1,0,0,0,0,0,0,0,0.6,1.8,0,0,0,0,0,0,2,500,0,2,27,0,IC (Internal Combustion),ng,4,NG (Natural Gas),58507,58507-EMG06
600,0,0,0.4,-0.3,1.02,100,0,0.5,0.1,0,0,0,0,0,0,0,1,3,0,0,0,0,0,0,2,500,0,2,25.2,0,IC (Internal Combustion),ng,5,NG (Natural Gas),58507,58507-EMG04
600,0,0,0.4,-0.3,1.02,100,0,0.5,0.1,0,0,0,0,0,0,0,1,3,0,0,0,0,0,0,2,500,0,2,25.2,0,IC (Internal Combustion),ng,6,NG (Natural Gas),58507,58507-EMG05
600,0,0,0.4,-0.3,1.02,100,0,0.6,0.1,0,0,0,0,0,0,0,1.2,3.6,0,0,0,0,0,0,2,500,0,2,25.2,0,IC (Internal Combustion),ng,7,NG (Natural Gas),58507,58507-EMG02
600,0,0,0.4,-0.3,1.02,100,0,0.6,0.1,0,0,0,0,0,0,0,1.2,3.6,0,0,0,0,0,0,2,500,0,2,25.2,0,IC (Internal Combustion),ng,8,NG (Natural Gas),58507,58507-EMG03
600,0,0,0.7,-0.6,1.02,100,0,1,0.1,0,0,0,0,0,0,0,2,6,0,0,0,0,0,0,2,500,0,2,25.2,0,IC (Internal Combustion),ng,9,NG (Natural Gas),58507,58507-EMG01
600,0,0,1,-0.8,1.02,100,0,1.4,0.1,0,0,0,0,0,0,0,2.8,8.4,0,0,0,0,0,0,2,500,0,2,25.2,0,IC (Internal Combustion),ng,10,NG (Natural Gas),61026,61026-MHB2
600,0,0,1,-0.8,1.02,100,0,1.4,0.1,0,0,0,0,0,0,0,2.8,8.4,0,0,0,0,0,0,2,500,0,2,25.2,0,IC (Internal Combustion),ng,11,NG (Natural Gas),61026,61026-MHB3
600,0,0,1.1,-0.8,1.02,100,0,1.5,0.2,0,0,0,0,0,0,0,3,9,0,0,0,0,0,0,2,500,0,2,27,0,IC (Internal Combustion),ng,12,NG (Natural Gas),61026,61026-MHB4
600,0,0,1.1,-0.8,1.02,100,0,1.5,0.2,0,0,0,0,0,0,0,3,9,0,0,0,0,0,0,2,500,0,2,25.2,0,IC (Internal Combustion),ng,13,NG (Natural Gas),61026,61026-MHB5
600,0,0,1.1,-0.9,1.02,100,0,1.6,1.2,0,0,0,0,0,0,0,3,9,0,0,0,0,0,0,2,500,0,2,27,0,IC (Internal Combustion),ng,14,NG (Natural Gas),58507,58507-S0001
600,0,0,1.1,-0.9,1.02,100,0,1.6,1.2,0,0,0,0,0,0,0,3,9,0,0,0,0,0,0,2,500,0,2,25.2,0,IC (Internal Combustion),ng,15,NG (Natural Gas),58507,58507-S0002
600,0,0,1.1,-0.9,1.02,100,0,1.6,1.2,0,0,0,0,0,0,0,3,9,0,0,0,0,0,0,2,500,0,2,207,0,IC (Internal Combustion),dfo,16,DFO (Distillate Fuel Oil),58507,58507-S0003
600,0,0,1.4,-1.1,1.02,100,0,2,0.2,0,0,0,0,0,0,0,4,12,0,0,0,0,0,0,2,500,0,2,25.2,0,IC (Internal Combustion),ng,17,NG (Natural Gas),61026,61026-CHNY1
600,0,0,1.4,-1.1,1.02,100,0,2,0.2,0,0,0,0,0,0,0,4,12,0,0,0,0,0,0,2,500,0,2,207,0,IC (Internal Combustion),dfo,18,DFO (Distillate Fuel Oil),61026,61026-CHNY2
600,0,0,1.4,-1.1,1.02,100,0,2,0.1,0,0,0,0,0,0,0,4,12,0,0,0,0,0,0,2,500,0,2,27,0,IC (Internal Combustion),ng,19,NG (Natural Gas),58507,58507-EMG09
600,0,0,1.4,-1.1,1.02,100,0,2,0.1,0,0,0,0,0,0,0,4,12,0,0,0,0,0,0,2,500,0,2,25.2,0,IC (Internal Combustion),ng,20,NG (Natural Gas),58507,58507-EMG10
600,0,0,1.4,-1.1,1.02,100,0,2,0.2,0,0,0,0,0,0,0,4,12,0,0,0,0,0,0,2,500,0,2,25.2,0,IC (Internal Combustion),ng,21,NG (Natural Gas),61026,61026-MHB1
600,0,0,3.7,-2.9,1.02,100,0,5.3,3.5,0,0,0,0,0,0,0,24,72,0,0,0,0,0,0,2,2000,0,2,200.1,3220,GT (Gas Turbine),dfo,22,DFO (Distillate Fuel Oil),58507,58507-ES006
601,0,0,1.4,-1.1,1.02,100,0,2,0.6,0,0,0,0,0,0,0,4,12,0,0,0,0,0,0,2,500,0,2,25.2,0,IC (Internal Combustion),ng,1,NG (Natural Gas),61414,61414-GEN1
601,0,0,1.4,-1.1,1.02,100,0,2,0.6,0,0,0,0,0,0,0,4,12,0,0,0,0,0,0,2,500,0,2,207,0,IC (Internal Combustion),dfo,2,KER (Kerosene),61414,61414-GEN2
601,0,0,1.4,-1.1,1.02,100,0,2,0.6,0,0,0,0,0,0,0,4,12,0,0,0,0,0,0,2,500,0,2,207,0,IC (Internal Combustion),dfo,3,KER (Kerosene),61414,61414-GEN3
601,0,0,1.4,-1.1,1.02,100,0,2,0.6,0,0,0,0,0,0,0,4,12,0,0,0,0,0,0,2,500,0,2,25.2,0,IC (Internal Combustion),ng,4,NG (Natural Gas),61414,61414-GEN4
601,0,0,1.4,-1.1,1.02,100,0,2,0.6,0,0,0,0,0,0,0,4,12,0,0,0,0,0,0,2,500,0,2,207,0,IC (Internal Combustion),dfo,5,DFO (Distillate Fuel Oil),61414,61414-GEN5
601,0,0,1.4,-1.1,1.02,100,0,2,0.6,0,0,0,0,0,0,0,4,12,0,0,0,0,0,0,2,500,0,2,207,0,IC (Internal Combustion),dfo,6,KER (Kerosene),61414,61414-GEN6
609,0,0,39.700001,-31.200001,1.01,100,0,56.699997,37.599999,0,0,0,0,0,0,0,310.5,931.5,0,0,0,0,0,0,2,500,0,2,200.1,3220,GT (Gas Turbine),dfo,2,DFO (Distillate Fuel Oil),8007,8007-1
609,56.401104,0,39.700001,-31.200001,1.01,100,1,56.699997,35.100001,0,0,0,0,0,0,0,306.5,919.5,0,0,0,0,0,0,2,500,0,2,29.4,112,GT (Gas Turbine),ng,3,NG (Natural Gas),8007,8007-2
609,0,0,39.700001,-31.200001,1.01,100,0,56.699997,35.800001,0,0,0,0,0,0,0,324,972,0,0,0,0,0,0,2,500,0,2,200.1,3220,GT (Gas Turbine),dfo,4,DFO (Distillate Fuel Oil),8007,8007-3
609,0,0,39.700001,-31.200001,1.01,100,0,56.699997,35.9,0,0,0,0,0,0,0,321.5,964.5,0,0,0,0,0,0,2,500,0,2,200.1,3220,GT (Gas Turbine),dfo,5,DFO (Distillate Fuel Oil),8007,8007-4
609,56.340706,0,39.700001,-31.200001,1.01,100,1,56.699997,40.3,0,0,0,0,0,0,0,325,975,0,0,0,0,0,0,2,500,0,2,31.5,120,GT (Gas Turbine),ng,6,NG (Natural Gas),8007,8007-5
609,0,0,39.700001,-31.200001,1.01,100,0,56.699997,38.499999,0,0,0,0,0,0,0,327,981,0,0,0,0,0,0,2,500,0,2,200.1,3220,GT (Gas Turbine),dfo,7,DFO (Distillate Fuel Oil),8007,8007-6
609,56.340706,0,39.700001,-31.200001,1.01,100,1,56.699997,36.8,0,0,0,0,0,0,0,324,972,0,0,0,0,0,0,2,500,0,2,31.5,120,GT (Gas Turbine),ng,8,NG (Natural Gas),8007,8007-7
609,56.340706,0,39.700001,-31.200001,1.01,100,1,56.699997,41.800001,0,0,0,0,0,0,0,334,1002,0,0,0,0,0,0,2,500,0,2,31.5,120,GT (Gas Turbine),ng,9,NG (Natural Gas),8007,8007-8
609,56.340706,0,39.700001,-31.200001,1.01,100,1,56.699997,40.400001,0,0,0,0,0,0,0,345.5,1036.5,0,0,0,0,0,0,2,500,0,2,31.5,120,GT (Gas Turbine),ng,10,NG (Natural Gas),8007,8007-9
609,56.340706,0,39.700001,-31.200001,1.01,100,1,56.699997,40.099999,0,0,0,0,0,0,0,328,984,0,0,0,0,0,0,2,500,0,2,31.5,120,GT (Gas Turbine),ng,11,NG (Natural Gas),8007,8007-10
609,67.081606,0,123.000002,-114.8,1.01,100,1,163.999999,2,0,0,0,0,0,0,0,800,2400,0,0,0,0,0,0,2,1626,0,2,28.5618292,824.7612129,CC (Combined Cycle Generic),ng,C1,NG (Natural Gas),7314,7314_CC1
614,46.702179,0,32.9,-25.9,1.01,100,1,47,1,0,0,0,0,0,0,0,231.5,694.5,0,0,0,0,0,0,2,2000,0,2,31.5,120,GT (Gas Turbine),ng,1,NG (Natural Gas),7912,7912-1
614,49.683166,0,34.999999,-27.500001,1.01,100,1,50,39.899999,0,0,0,0,0,0,0,235,705,0,0,0,0,0,0,2,2000,0,2,22.47896706,365.2281924,GT (Gas Turbine),ng,2,NG (Natural Gas),55786,55786-CT01
614,49.683166,0,34.999999,-27.500001,1.01,100,1,50,39.899999,0,0,0,0,0,0,0,235,705,0,0,0,0,0,0,2,2000,0,2,20.18454662,466.0556006,GT (Gas Turbine),ng,3,NG (Natural Gas),55786,55786-CT02
619,12.420791,-6.9,8.8,-6.9,1.01,100,1,12.5,1,0,0,0,0,0,0,0,0,0,0,0,0,0,0,0,2,0,0,2,2.5,250,ST (Steam Turbine),other,1,MSW (Municipal Solid Waste),51038,51038-GEN1
623,60.116637,42.399999,42.399999,-33.3,1.02,100,1,60.500002,25.999999,0,0,0,0,0,0,0,290,870,0,0,0,0,0,0,2,2000,0,2,30.88221284,115.5520271,GT (Gas Turbine),ng,1,NG (Natural Gas),55699,55699-1
623,60.116637,42.399999,42.399999,-33.3,1.02,100,1,60.500002,25.999999,0,0,0,0,0,0,0,265.5,796.5,0,0,0,0,0,0,2,500,0,2,31.5,120,GT (Gas Turbine),ng,2,NG (Natural Gas),56141,56141-2
632,2.744616,-0.353194,2,-1.5,1.02,100,1,2.8,1,0,0,0,0,0,0,0,5000,15000,0,0,0,0,0,0,2,0,0,2,0,0,HY (Hydro),hydro,1,WAT (Water),2686,2686-1
632,2.744616,-0.353194,2,-1.5,1.02,100,1,2.8,1,0,0,0,0,0,0,0,5000,15000,0,0,0,0,0,0,2,0,0,2,0,0,HY (Hydro),hydro,2,WAT (Water),2686,2686-2
632,2.94066,-0.353194,2.1,-1.7,1.02,100,1,3,1,0,0,0,0,0,0,0,5000,15000,0,0,0,0,0,0,2,0,0,2,0,0,HY (Hydro),hydro,3,WAT (Water),2686,2686-3
632,2.94066,-0.353194,2.1,-1.7,1.02,100,1,3,1,0,0,0,0,0,0,0,5000,15000,0,0,0,0,0,0,2,0,0,2,0,0,HY (Hydro),hydro,4,WAT (Water),2686,2686-4
638,4.705056,3.4,3.4,-2.6,1.02,100,1,4.8,4,0,0,0,0,0,0,0,5000,15000,0,0,0,0,0,0,2,0,0,2,0,0,HY (Hydro),hydro,1,WAT (Water),2486,2486-H1
638,4.705056,3.4,3.4,-2.6,1.02,100,1,4.8,4,0,0,0,0,0,0,0,5000,15000,0,0,0,0,0,0,2,0,0,2,0,0,HY (Hydro),hydro,2,WAT (Water),2486,2486-H2
638,4.705056,3.4,3.4,-2.6,1.02,100,1,4.8,4,0,0,0,0,0,0,0,5000,15000,0,0,0,0,0,0,2,0,0,2,0,0,HY (Hydro),hydro,3,WAT (Water),2486,2486-H3
651,-800.37899,46.237183,9900,-9900,1.01,100,1,-800.37899,-800.37899,0,0,0,0,0,0,0,0,0,0,0,0,0,0,0,2,0,0,2,0,0,proxy,import,x,import,0,0
682,2.45055,-1.156455,1.8,-1.4,1.02,100,1,2.5,0.2,0,0,0,0,0,0,0,5000,15000,0,0,0,0,0,0,2,0,0,2,0,0,HY (Hydro),hydro,1,WAT (Water),2614,2614-2
682,35.287923,-1.156455,25.2,-19.8,1.02,100,1,36.000001,15.000001,0,0,0,0,0,0,0,5000,15000,0,0,0,0,0,0,2,0,0,2,0,0,HY (Hydro),hydro,2,WAT (Water),2614,2614-1
683,21.564841,5.440804,15.4,-12.1,1.02,100,1,22,0.1,0,0,0,0,0,0,0,5000,15000,0,0,0,0,0,0,2,0,0,2,0,0,HY (Hydro),hydro,1,WAT (Water),54953,54953-GEN1
683,21.564841,5.440804,15.4,-12.1,1.02,100,1,22,0.1,0,0,0,0,0,0,0,5000,15000,0,0,0,0,0,0,2,0,0,2,0,0,HY (Hydro),hydro,2,WAT (Water),54953,54953-GEN2
685,1.96044,-0.445092,1.4,-1.1,1.02,100,1,2,1,0,0,0,0,0,0,0,5000,15000,0,0,0,0,0,0,2,0,0,2,0,0,HY (Hydro),hydro,1,WAT (Water),56936,56936-GEN2
685,2.156484,-0.445092,1.5,-1.2,1.02,100,1,2.2,1,0,0,0,0,0,0,0,5000,15000,0,0,0,0,0,0,2,0,0,2,0,0,HY (Hydro),hydro,2,WAT (Water),56936,56936-GEN3
685,2.352528,-0.445092,1.7,-1.3,1.02,100,1,2.4,1,0,0,0,0,0,0,0,5000,15000,0,0,0,0,0,0,2,0,0,2,0,0,HY (Hydro),hydro,3,WAT (Water),56936,56936-GEN1
685,2.352528,-0.445092,1.7,-1.3,1.02,100,1,2.4,1,0,0,0,0,0,0,0,5000,15000,0,0,0,0,0,0,2,0,0,2,0,0,HY (Hydro),hydro,4,WAT (Water),56936,56936-GEN4
685,2.744616,-0.445092,2,-1.5,1.02,100,1,2.8,1,0,0,0,0,0,0,0,5000,15000,0,0,0,0,0,0,2,0,0,2,0,0,HY (Hydro),hydro,5,WAT (Water),56936,56936-GEN5
685,6.763518,-0.445092,4.8,-3.8,1.02,100,1,6.9,0.1,0,0,0,0,0,0,0,5000,15000,0,0,0,0,0,0,2,0,0,2,0,0,HY (Hydro),hydro,6,WAT (Water),54772,54772-GEN1
685,6.763518,-0.445092,4.8,-3.8,1.02,100,1,6.9,0.1,0,0,0,0,0,0,0,5000,15000,0,0,0,0,0,0,2,0,0,2,0,0,HY (Hydro),hydro,7,WAT (Water),54772,54772-GEN2
685,28.816235,-0.445092,20.299999,-16,1.02,100,1,28.999999,3,0,0,0,0,0,0,0,0,0,0,0,0,0,0,0,2,0,0,2,0,0,ST (Steam Turbine),wood,8,WDL (Wood Waste Liquids excluding Black Liquor),10511,10511-GEN6
693,10.29231,-1.886584,7.4,-5.8,1.02,100,1,10.5,1.2,0,0,0,0,0,0,0,5000,15000,0,0,0,0,0,0,2,0,0,2,0,0,HY (Hydro),hydro,1,WAT (Water),50280,50280-GEN1
705,6.861541,1.532702,4.9,-3.9,1.02,100,1,7,1,0,0,0,0,0,0,0,5000,15000,0,0,0,0,0,0,2,0,0,2,0,0,HY (Hydro),hydro,1,WAT (Water),2605,2605-2
705,6.861541,1.532702,4.9,-3.9,1.02,100,1,7,1,0,0,0,0,0,0,0,5000,15000,0,0,0,0,0,0,2,0,0,2,0,0,HY (Hydro),hydro,2,WAT (Water),2605,2605-3
705,6.861541,1.532702,4.9,-3.9,1.02,100,1,7,1,0,0,0,0,0,0,0,5000,15000,0,0,0,0,0,0,2,0,0,2,0,0,HY (Hydro),hydro,3,WAT (Water),2605,2605-4
705,7.841761,1.532702,5.6,-4.4,1.02,100,1,8,1,0,0,0,0,0,0,0,5000,15000,0,0,0,0,0,0,2,0,0,2,0,0,HY (Hydro),hydro,4,WAT (Water),2605,2605-1
705,12.742861,1.532702,9.1,-7.2,1.02,100,1,13,1,0,0,0,0,0,0,0,5000,15000,0,0,0,0,0,0,2,0,0,2,0,0,HY (Hydro),hydro,5,WAT (Water),2605,2605-5
706,5.587255,4,4,-3.1,1.02,100,1,5.7,0.1,0,0,0,0,0,0,0,5000,15000,0,0,0,0,0,0,2,0,0,2,0,0,HY (Hydro),hydro,1,WAT (Water),10221,10221-GEN1
706,5.587255,4,4,-3.1,1.02,100,1,5.7,0.1,0,0,0,0,0,0,0,5000,15000,0,0,0,0,0,0,2,0,0,2,0,0,HY (Hydro),hydro,2,WAT (Water),10221,10221-GEN2
735,0,0,1.4,-1.1,1.01,100,0,2,2,0,0,0,0,0,0,0,4,12,0,0,0,0,0,0,2,500,0,2,27,0,IC (Internal Combustion),ng,1,NG (Natural Gas),2512,2512-2
735,0,0,1.4,-1.1,1.01,100,0,2,2,0,0,0,0,0,0,0,4.2,12.6,0,0,0,0,0,0,2,500,0,2,27,0,IC (Internal Combustion),ng,2,NG (Natural Gas),2512,2512-3
735,0,0,1.4,-1.1,1.01,100,0,2,1.9,0,0,0,0,0,0,0,4.2,12.6,0,0,0,0,0,0,2,500,0,2,27,0,IC (Internal Combustion),ng,3,NG (Natural Gas),2512,2512-4
735,21.165028,0,14.9,-11.7,1.01,100,1,21.3,15.4,0,0,0,0,0,0,0,120,360,0,0,0,0,0,0,2,500,0,2,31.5,120,GT (Gas Turbine),ng,4,NG (Natural Gas),2512,2512-1
737,0,0,0.8,-0.7,1.01,100,0,1.2,0.3,0,0,0,0,0,0,0,2.4,7.2,0,0,0,0,0,0,2,500,0,2,99,0,IC (Internal Combustion),rfo,1,RFO (Residual Fuel Oil),2681,2681-4
737,0,0,1.1,-0.9,1.01,100,0,1.6,0,0,0,0,0,0,0,0,3.2,9.6,0,0,0,0,0,0,2,500,0,2,99,0,IC (Internal Combustion),rfo,2,RFO (Residual Fuel Oil),2681,2681-7
737,0,0,1.2,-0.9,1.01,100,0,1.7,0,0,0,0,0,0,0,0,3.2,9.6,0,0,0,0,0,0,2,500,0,2,207,0,IC (Internal Combustion),dfo,3,DFO (Distillate Fuel Oil),2681,2681-2
737,0,0,1.3,-1,1.01,100,0,1.8,0.3,0,0,0,0,0,0,0,3.2,9.6,0,0,0,0,0,0,2,500,0,2,207,0,IC (Internal Combustion),dfo,4,DFO (Distillate Fuel Oil),2681,2681-5
737,0,0,2.7,-2.1,1.01,100,0,3.8,0.4,0,0,0,0,0,0,0,5.2,15.6,0,0,0,0,0,0,2,500,0,2,27,0,IC (Internal Combustion),ng,5,NG (Natural Gas),2681,2681-6
737,13.911287,0,9.8,-7.7,1.01,100,1,14,7.3,0,0,0,0,0,0,0,45,135,0,0,0,0,0,0,2,500,0,2,31.5,120,GT (Gas Turbine),ng,6,NG (Natural Gas),2520,2520-1
737,53.657824,0,37.799999,-29.699999,1.01,100,1,54.000002,20,0,0,0,0,0,0,0,286,858,0,0,0,0,0,0,2,500,0,2,181.3534108,2744.456973,GT (Gas Turbine),dfo,7,KER (Kerosene),55969,55969-U-01
738,11.427129,0,8.1,-6.3,1.01,100,1,11.5,6.6,0,0,0,0,0,0,0,52,156,0,0,0,0,0,0,2,500,0,2,200.1,3220,GT (Gas Turbine),dfo,1,DFO (Distillate Fuel Oil),2519,2519-1
756,0,0,20,-20,1.018,100,0,0,0,0,0,0,0,0,0,0,0,0,0,0,0,0,0,0,2,0,0,2,0,0,proxy,import,X,import,0,0
759,80.486733,-2.3753,56.699997,-44.600001,1.02,100,1,81,0,0,0,0,0,0,0,0,0,0,0,0,0,0,0,0,2,0,0,2,0,0,WT (Wind Turbine),wind,1,WND (Wind),56619,56619-1
759,99.863166,-2.3753,70.4,-55.299997,1.02,100,1,100.5,0,0,0,0,0,0,0,0,0,0,0,0,0,0,0,0,2,0,0,2,0,0,WT (Wind Turbine),wind,2,WND (Wind),56618,56618-1
759,105.82515,-2.3753,74.599999,-58.600003,1.02,100,1,106.500006,0,0,0,0,0,0,0,0,0,0,0,0,0,0,0,0,2,0,0,2,0,0,WT (Wind Turbine),wind,3,WND (Wind),56904,56904-1
761,96.882182,68.300003,68.300003,-53.600001,1.02,100,1,97.500002,0,0,0,0,0,0,0,0,0,0,0,0,0,0,0,0,2,0,0,2,0,0,WT (Wind Turbine),wind,1,WND (Wind),56901,56901-1
768,77.207643,-14.208715,54.400003,-42.699999,1.02,100,1,77.700001,1,0,0,0,0,0,0,0,0,0,0,0,0,0,0,0,2,0,0,2,0,0,WT (Wind Turbine),wind,1,WND (Wind),59629,59629-GEN1
773,159.621,54.106998,9900,-9900,1.02,100,1,159.621,159.621,0,0,0,0,0,0,0,0,0,0,0,0,0,0,0,2,0,0,2,0,0,proxy,import,x,import,0,0
774,0,0,17.550001,-16.38,1.02,100,0,23.4,9.3,0,0,0,0,0,0,0,180,540,0,0,0,0,0,0,2,217,0,2,23.34,900,CC (Combined Cycle Generic),ng,C1,NG (Natural Gas),10521,10521_CC1
799,-835.999966,57.121003,9900,-9900,1.02,100,1,-835.999966,-835.999966,0,0,0,0,0,0,0,0,0,0,0,0,0,0,0,2,0,0,2,0,0,proxy,import,x,import,0,0
811,19.873267,-2.733324,14,-11,1.02,100,1,20,1,0,0,0,0,0,0,0,200,600,0,0,0,0,0,0,2,0,0,2,0,0,"FW (Energy Storage, Flywheel)",other,1,MWH (Electricity use for Energy Storage),57710,57710-SRS1
817,407.200003,107.084465,305.39999,-285.039997,1.02,100,1,407.200003,283.999991,0,0,0,0,0,0,0,600,1800,0,0,0,0,0,0,2,3922,0,2,18.83468017,777.328286,CC (Combined Cycle Generic),ng,C1,NG (Natural Gas),55405,55405_3668
817,407.200003,107.084465,305.39999,-285.039997,1.02,100,1,407.200003,283.999991,0,0,0,0,0,0,0,600,1800,0,0,0,0,0,0,2,3951,0,2,17.721455,1069.046961,CC (Combined Cycle Generic),ng,C2,NG (Natural Gas),55405,55405_3670
817,407.200003,107.084465,305.39999,-285.039997,1.02,100,1,407.200003,283.999991,0,0,0,0,0,0,0,600,1800,0,0,0,0,0,0,2,3927,0,2,18.66307499,876.6428065,CC (Combined Cycle Generic),ng,C3,NG (Natural Gas),55405,55405_3677
821,21.463129,15.099999,15.099999,-11.9,1.02,100,1,21.600001,2,0,0,0,0,0,0,0,117,351,0,0,0,0,0,0,2,500,0,2,200.1,3220,GT (Gas Turbine),dfo,1,DFO (Distillate Fuel Oil),2485,2485-GT1
828,21.463129,4.797389,15.099999,-11.9,1.02,100,1,21.600001,2,0,0,0,0,0,0,0,118.5,355.5,0,0,0,0,0,0,2,2000,0,2,200.1,3220,GT (Gas Turbine),dfo,1,DFO (Distillate Fuel Oil),2487,2487-GT1
829,0,0,36.700001,-28.799999,1.01,100,0,52.399999,41.499999,0,0,0,0,0,0,0,332.5,997.5,0,0,0,0,0,0,2,500,0,2,31.5,120,GT (Gas Turbine),ng,1,NG (Natural Gas),2521,2521-4
847,170.000005,18.890761,403.700018,-341.599989,1.02,100,1,621.000004,139.999998,0,0,0,0,0,0,0,238,714,0,0,0,0,0,0,2,2500,0,2,28.27226887,1344.982488,ST (Steam Turbine),ng,1,NG (Natural Gas),8006,8006-1
847,169.732213,18.890761,403.700018,-341.599989,1.02,100,1,621.000004,139.999998,0,0,0,0,0,0,0,243,729,0,0,0,0,0,0,2,2500,0,2,27.45497065,1149.470469,ST (Steam Turbine),ng,2,NG (Natural Gas),8006,8006-2
848,0,0,1.9,-1.5,1.02,100,0,2.7,0.5,0,0,0,0,0,0,0,5,15,0,0,0,0,0,0,2,500,0,2,207,0,IC (Internal Combustion),dfo,1,DFO (Distillate Fuel Oil),2480,2480-5
848,0,0,1.9,-1.5,1.02,100,0,2.7,0.5,0,0,0,0,0,0,0,5,15,0,0,0,0,0,0,2,500,0,2,207,0,IC (Internal Combustion),dfo,2,DFO (Distillate Fuel Oil),2480,2480-6
848,0,0,50.400001,-39.6,1.02,100,0,72.000003,20,0,0,0,0,0,0,0,27.28,81.84,0,0,0,0,0,0,2,2500,0,2,234.6,4876,ST (Steam Turbine),dfo,3,DFO (Distillate Fuel Oil),2480,2480-1
848,0,0,51.499999,-40.400001,1.02,100,0,73.500001,20,0,0,0,0,0,0,0,26.2,78.6,0,0,0,0,0,0,2,2500,0,2,234.6,4876,ST (Steam Turbine),dfo,4,DFO (Distillate Fuel Oil),2480,2480-2
848,0,0,102.999997,-80.900002,1.02,100,0,147.100008,40.000001,0,0,0,0,0,0,0,54.84,164.52,0,0,0,0,0,0,2,2500,0,2,234.6,4876,ST (Steam Turbine),dfo,5,DFO (Distillate Fuel Oil),2480,2480-3
848,0,0,167.6,-131.700003,1.02,100,0,239.400005,60.000002,0,0,0,0,0,0,0,90,270,0,0,0,0,0,0,2,2500,0,2,234.6,4876,ST (Steam Turbine),dfo,6,DFO (Distillate Fuel Oil),2480,2480-4
867,8.037805,5.7,5.7,-4.5,1.02,100,1,8.2,0,0,0,0,0,0,0,0,5000,15000,0,0,0,0,0,0,2,0,0,2,0,0,HY (Hydro),hydro,1,WAT (Water),625,625-1
867,8.037805,5.7,5.7,-4.5,1.02,100,1,8.2,0,0,0,0,0,0,0,0,5000,15000,0,0,0,0,0,0,2,0,0,2,0,0,HY (Hydro),hydro,2,WAT (Water),625,625-2
870,3.92088,2.8,2.8,-2.2,1.02,100,1,4,1.5,0,0,0,0,0,0,0,5000,15000,0,0,0,0,0,0,2,0,0,2,0,0,HY (Hydro),hydro,1,WAT (Water),2606,2606-1
870,3.92088,2.8,2.8,-2.2,1.02,100,1,4,1.5,0,0,0,0,0,0,0,5000,15000,0,0,0,0,0,0,2,0,0,2,0,0,HY (Hydro),hydro,2,WAT (Water),2606,2606-2
870,3.92088,2.8,2.8,-2.2,1.02,100,1,4,1.5,0,0,0,0,0,0,0,5000,15000,0,0,0,0,0,0,2,0,0,2,0,0,HY (Hydro),hydro,3,WAT (Water),2606,2606-3
870,3.92088,2.8,2.8,-2.2,1.02,100,1,4,1.5,0,0,0,0,0,0,0,5000,15000,0,0,0,0,0,0,2,0,0,2,0,0,HY (Hydro),hydro,4,WAT (Water),2606,2606-4
899,0,0,434.700012,-341.599989,1.02,100,0,621.000004,80.000001,0,0,0,0,0,0,0,231.2,693.6,0,0,0,0,0,0,2,2500,0,2,27.98478148,969.2137822,ST (Steam Turbine),ng,1,NG (Natural Gas),2625,2625-1
899,621.000004,89.59797,434.700012,-341.599989,1.02,100,1,621.000004,100,0,0,0,0,0,0,0,226.8,680.4,0,0,0,0,0,0,2,2500,0,2,30.63062826,457.5719896,ST (Steam Turbine),ng,2,NG (Natural Gas),2625,2625-2
900,0,0,708.400011,-556.599998,1.02,100,0,1011.999989,759.000015,0,0,0,0,0,0,0,27.0374,81.1122,0,0,0,0,0,0,2,50000,20000,2,2.5,250,ST (Steam Turbine),nuclear,1,NUC (Nuclear),8907,8907-3
900,0,0,909.300041,-714.499998,1.02,100,0,1298.999977,973.999977,0,0,0,0,0,0,0,26.6734,80.0202,0,0,0,0,0,0,2,50000,20000,2,2.5,250,ST (Steam Turbine),nuclear,2,NUC (Nuclear),2497,2497-2
994,0,0,2,-1.6,1.01,100,0,2.9,2.2,0,0,0,0,0,0,0,4.4,13.2,0,0,0,0,0,0,2,500,0,2,207,0,IC (Internal Combustion),dfo,1,DFO (Distillate Fuel Oil),2678,2678-2
994,0,0,2.2,-1.7,1.01,100,0,3.1,2,0,0,0,0,0,0,0,4,12,0,0,0,0,0,0,2,500,0,2,27,0,IC (Internal Combustion),ng,2,NG (Natural Gas),2678,2678-3
994,0,0,3.6,-2.8,1.01,100,0,5.1,4.5,0,0,0,0,0,0,0,9,27,0,0,0,0,0,0,2,500,0,2,27,0,IC (Internal Combustion),ng,3,NG (Natural Gas),2678,2678-4
994,0,0,12.7,-10,1.01,100,0,18.099999,5,0,0,0,0,0,0,0,90,270,0,0,0,0,0,0,2,2000,0,2,31.5,120,GT (Gas Turbine),ng,4,NG (Natural Gas),2679,2679-3
994,59.619802,0,41.999999,-33.000001,1.01,100,1,60.000002,28,0,0,0,0,0,0,0,248.5,745.5,0,0,0,0,0,0,2,2000,0,2,31.5,120,GT (Gas Turbine),ng,5,NG (Natural Gas),56032,56032-001
994,59.619802,0,41.999999,-33.000001,1.01,100,1,60.000002,28,0,0,0,0,0,0,0,231,693,0,0,0,0,0,0,2,2000,0,2,31.5,120,GT (Gas Turbine),ng,6,NG (Natural Gas),56032,56032-0001
994,60.116637,0,42.399999,-33.3,1.01,100,1,60.500002,25,0,0,0,0,0,0,0,245,735,0,0,0,0,0,0,2,2000,0,2,31.5,120,GT (Gas Turbine),ng,7,NG (Natural Gas),2679,2679-CT5
997,0,0,2.5,-1.9,1.01,100,0,3.5,1.6,0,0,0,0,0,0,0,8,24,0,0,0,0,0,0,2,500,0,2,207,0,IC (Internal Combustion),dfo,1,DFO (Distillate Fuel Oil),2695,2695-9
997,0,0,2.5,-1.9,1.01,100,0,3.5,1.6,0,0,0,0,0,0,0,8,24,0,0,0,0,0,0,2,500,0,2,207,0,IC (Internal Combustion),dfo,2,DFO (Distillate Fuel Oil),2695,2695-10
997,0,0,3.6,-2.9,1.01,100,0,5.2,2.6,0,0,0,0,0,0,0,13,39,0,0,0,0,0,0,2,500,0,2,207,0,IC (Internal Combustion),dfo,3,DFO (Distillate Fuel Oil),2695,2695-11
997,0,0,3.9,-3,1.01,100,0,5.5,2.7,0,0,0,0,0,0,0,13.75,41.25,0,0,0,0,0,0,2,500,0,2,207,0,IC (Internal Combustion),dfo,4,DFO (Distillate Fuel Oil),2695,2695-12
997,0,0,3.9,-3,1.01,100,0,5.5,2.7,0,0,0,0,0,0,0,13.75,41.25,0,0,0,0,0,0,2,500,0,2,207,0,IC (Internal Combustion),dfo,5,DFO (Distillate Fuel Oil),2695,2695-13
997,0,0,4.3,-3.4,1.01,100,0,6.2,3.1,0,0,0,0,0,0,0,15.5,46.5,0,0,0,0,0,0,2,500,0,2,207,0,IC (Internal Combustion),dfo,6,DFO (Distillate Fuel Oil),2695,2695-14
1027,0,0,80.849999,-75.459999,1.02,100,0,107.799995,44.999999,0,0,0,0,0,0,0,770,2310,0,0,0,0,0,0,2,905,0,2,23.34,900,CC (Combined Cycle Generic),ng,C1,NG (Natural Gas),10617,10617_CC01
1039,11.427129,0,8.1,-6.3,1.02,100,1,11.5,0.1,0,0,0,0,0,0,0,0,0,0,0,0,0,0,0,2,0,0,2,0,0,WT (Wind Turbine),wind,1,WND (Wind),55769,55769-MADW
1052,6.273409,4.5,4.5,-3.5,1.02,100,1,6.4,2,0,0,0,0,0,0,0,5000,15000,0,0,0,0,0,0,2,0,0,2,0,0,HY (Hydro),hydro,1,WAT (Water),2619,2619-6
1052,6.665497,4.8,4.8,-3.7,1.02,100,1,6.8,2,0,0,0,0,0,0,0,5000,15000,0,0,0,0,0,0,2,0,0,2,0,0,HY (Hydro),hydro,2,WAT (Water),2619,2619-5
1052,8.527914,5.692876,6.1,-4.8,1.02,100,1,8.7,2,0,0,0,0,0,0,0,5000,15000,0,0,0,0,0,0,2,0,0,2,0,0,HY (Hydro),hydro,3,WAT (Water),2619,2619-7
1052,18.624181,5.692876,13.3,-10.5,1.02,100,1,19,4,0,0,0,0,0,0,0,5000,15000,0,0,0,0,0,0,2,0,0,2,0,0,HY (Hydro),hydro,4,WAT (Water),2599,2599-1
1053,12.350773,8.8,8.8,-6.9,1.02,100,1,12.6,2.5,0,0,0,0,0,0,0,5000,15000,0,0,0,0,0,0,2,0,0,2,0,0,HY (Hydro),hydro,1,WAT (Water),10196,10196-GEN1
1129,0,0,2.2,-1.8,1.02,100,0,3.2,0.1,0,0,0,0,0,0,0,8,24,0,0,0,0,0,0,2,500,0,2,27,0,IC (Internal Combustion),ng,1,NG (Natural Gas),63236,63236-DG2
1129,0,0,2.2,-1.8,1.02,100,0,3.2,0.1,0,0,0,0,0,0,0,8,24,0,0,0,0,0,0,2,500,0,2,27,0,IC (Internal Combustion),ng,2,NG (Natural Gas),63236,63236-DG3
1129,0,0,2.2,-1.8,1.02,100,0,3.2,0.1,0,0,0,0,0,0,0,8,24,0,0,0,0,0,0,2,500,0,2,25.2,0,IC (Internal Combustion),ng,3,NG (Natural Gas),63236,63236-DG4
1129,0,0,2.2,-1.8,1.02,100,0,3.2,0.1,0,0,0,0,0,0,0,8,24,0,0,0,0,0,0,2,500,0,2,27,0,IC (Internal Combustion),ng,4,NG (Natural Gas),63236,63236-DG5
1129,0,0,14,-11,1.02,100,0,20,16,0,0,0,0,0,0,0,122,366,0,0,0,0,0,0,2,500,0,2,29.4,112,GT (Gas Turbine),ng,5,NG (Natural Gas),2494,2494-GT11
1129,0,0,14,-11,1.02,100,0,20,16,0,0,0,0,0,0,0,124.5,373.5,0,0,0,0,0,0,2,500,0,2,31.5,120,GT (Gas Turbine),ng,6,NG (Natural Gas),2494,2494-GT12
1129,0,0,14,-11,1.02,100,0,20,16,0,0,0,0,0,0,0,114.5,343.5,0,0,0,0,0,0,2,500,0,2,29.4,112,GT (Gas Turbine),ng,7,NG (Natural Gas),2494,2494-GT13
1129,19.873267,1.298276,14,-11,1.02,100,1,20,15.6,0,0,0,0,0,0,0,106.5,319.5,0,0,0,0,0,0,2,500,0,2,200.1,3220,GT (Gas Turbine),dfo,8,DFO (Distillate Fuel Oil),2494,2494-GT14
1129,19.873267,1.298276,14,-11,1.02,100,1,20,15.899999,0,0,0,0,0,0,0,111.5,334.5,0,0,0,0,0,0,2,500,0,2,200.1,3220,GT (Gas Turbine),dfo,9,DFO (Distillate Fuel Oil),2494,2494-GT15
1129,19.873267,1.298276,14,-11,1.02,100,1,20,15.6,0,0,0,0,0,0,0,107,321,0,0,0,0,0,0,2,500,0,2,200.1,3220,GT (Gas Turbine),dfo,10,DFO (Distillate Fuel Oil),2494,2494-GT16
1129,0,0,14,-11,1.02,100,0,20,16,0,0,0,0,0,0,0,112,336,0,0,0,0,0,0,2,500,0,2,29.4,112,GT (Gas Turbine),ng,11,NG (Natural Gas),2494,2494-GT17
1129,19.873267,1.298276,14,-11,1.02,100,1,20,14.6,0,0,0,0,0,0,0,104.5,313.5,0,0,0,0,0,0,2,500,0,2,200.1,3220,GT (Gas Turbine),dfo,12,DFO (Distillate Fuel Oil),2494,2494-GT18
1129,0,0,14,-11,1.02,100,0,20,16,0,0,0,0,0,0,0,112.5,337.5,0,0,0,0,0,0,2,2000,0,2,29.4,112,GT (Gas Turbine),ng,13,NG (Natural Gas),2494,2494-GT21
1129,0,0,14,-11,1.02,100,0,20,16,0,0,0,0,0,0,0,120.5,361.5,0,0,0,0,0,0,2,2000,0,2,29.4,112,GT (Gas Turbine),ng,14,NG (Natural Gas),2494,2494-GT22
1129,19.873267,1.298276,14,-11,1.02,100,1,20,16,0,0,0,0,0,0,0,124.5,373.5,0,0,0,0,0,0,2,2000,0,2,200.1,3220,GT (Gas Turbine),dfo,15,DFO (Distillate Fuel Oil),2494,2494-GT23
1129,0,0,14,-11,1.02,100,0,20,16,0,0,0,0,0,0,0,115.5,346.5,0,0,0,0,0,0,2,2000,0,2,29.4,112,GT (Gas Turbine),ng,16,NG (Natural Gas),2494,2494-GT24
1129,0,0,14,-11,1.02,100,0,20,16,0,0,0,0,0,0,0,117,351,0,0,0,0,0,0,2,2000,0,2,31.5,120,GT (Gas Turbine),ng,17,NG (Natural Gas),2494,2494-GT25
1129,19.873267,1.298276,14,-11,1.02,100,1,20,16,0,0,0,0,0,0,0,124.5,373.5,0,0,0,0,0,0,2,2000,0,2,200.1,3220,GT (Gas Turbine),dfo,18,KER (Kerosene),2494,2494-GT26
1129,0,0,14,-11,1.02,100,0,20,16,0,0,0,0,0,0,0,123.5,370.5,0,0,0,0,0,0,2,2000,0,2,31.5,120,GT (Gas Turbine),ng,19,NG (Natural Gas),2494,2494-GT27
1129,0,0,14,-11,1.02,100,0,20,16,0,0,0,0,0,0,0,114.5,343.5,0,0,0,0,0,0,2,2000,0,2,31.5,120,GT (Gas Turbine),ng,20,NG (Natural Gas),2494,2494-GT28
1129,0,0,14,-11,1.02,100,0,20,16,0,0,0,0,0,0,0,109.5,328.5,0,0,0,0,0,0,2,2000,0,2,29.4,112,GT (Gas Turbine),ng,21,NG (Natural Gas),2494,2494-GT31
1129,19.873267,1.298276,14,-11,1.02,100,1,20,16,0,0,0,0,0,0,0,113,339,0,0,0,0,0,0,2,2000,0,2,200.1,3220,GT (Gas Turbine),dfo,22,DFO (Distillate Fuel Oil),2494,2494-GT32
1129,0,0,14,-11,1.02,100,0,20,16,0,0,0,0,0,0,0,119,357,0,0,0,0,0,0,2,2000,0,2,31.5,120,GT (Gas Turbine),ng,23,NG (Natural Gas),2494,2494-GT33
1129,19.873267,1.298276,14,-11,1.02,100,1,20,16,0,0,0,0,0,0,0,107,321,0,0,0,0,0,0,2,2000,0,2,200.1,3220,GT (Gas Turbine),dfo,24,KER (Kerosene),2494,2494-GT34
1129,19.873267,1.298276,14,-11,1.02,100,1,20,16,0,0,0,0,0,0,0,114,342,0,0,0,0,0,0,2,2000,0,2,200.1,3220,GT (Gas Turbine),dfo,25,DFO (Distillate Fuel Oil),2494,2494-GT35
1129,0,0,14,-11,1.02,100,0,20,15.2,0,0,0,0,0,0,0,105,315,0,0,0,0,0,0,2,2000,0,2,31.5,120,GT (Gas Turbine),ng,26,NG (Natural Gas),2494,2494-GT36
1129,0,0,14,-11,1.02,100,0,20,16,0,0,0,0,0,0,0,119.5,358.5,0,0,0,0,0,0,2,2000,0,2,29.4,112,GT (Gas Turbine),ng,27,NG (Natural Gas),2494,2494-GT37
1129,19.873267,1.298276,14,-11,1.02,100,1,20,16,0,0,0,0,0,0,0,119.5,358.5,0,0,0,0,0,0,2,2000,0,2,200.1,3220,GT (Gas Turbine),dfo,28,DFO (Distillate Fuel Oil),2494,2494-GT38
1129,0,0,14,-11,1.02,100,0,20,16,0,0,0,0,0,0,0,122,366,0,0,0,0,0,0,2,500,0,2,29.4,112,GT (Gas Turbine),ng,29,NG (Natural Gas),2494,2494-GT41
1129,19.873267,1.298276,14,-11,1.02,100,1,20,16,0,0,0,0,0,0,0,112.5,337.5,0,0,0,0,0,0,2,500,0,2,200.1,3220,GT (Gas Turbine),dfo,30,DFO (Distillate Fuel Oil),2494,2494-GT42
1129,0,0,14,-11,1.02,100,0,20,16,0,0,0,0,0,0,0,102,306,0,0,0,0,0,0,2,500,0,2,31.5,120,GT (Gas Turbine),ng,31,NG (Natural Gas),2494,2494-GT43
1129,0,0,14,-11,1.02,100,0,20,16,0,0,0,0,0,0,0,111.5,334.5,0,0,0,0,0,0,2,500,0,2,29.4,112,GT (Gas Turbine),ng,32,NG (Natural Gas),2494,2494-GT44
1129,0,0,14,-11,1.02,100,0,20,15.700001,0,0,0,0,0,0,0,110.5,331.5,0,0,0,0,0,0,2,500,0,2,31.5,120,GT (Gas Turbine),ng,33,NG (Natural Gas),2494,2494-GT45
1129,19.873267,1.298276,14,-11,1.02,100,1,20,16,0,0,0,0,0,0,0,115,345,0,0,0,0,0,0,2,500,0,2,200.1,3220,GT (Gas Turbine),dfo,34,DFO (Distillate Fuel Oil),2494,2494-GT46
1129,19.873267,1.298276,14,-11,1.02,100,1,20,16,0,0,0,0,0,0,0,108.5,325.5,0,0,0,0,0,0,2,500,0,2,200.1,3220,GT (Gas Turbine),dfo,35,DFO (Distillate Fuel Oil),2494,2494-GT47
1129,0,0,14,-11,1.02,100,0,20,16,0,0,0,0,0,0,0,109.5,328.5,0,0,0,0,0,0,2,500,0,2,29.4,112,GT (Gas Turbine),ng,36,NG (Natural Gas),2494,2494-GT48
1129,21.860594,1.298276,15.4,-12.1,1.02,100,1,22,16,0,0,0,0,0,0,0,124.5,373.5,0,0,0,0,0,0,2,2000,0,2,200.1,3220,GT (Gas Turbine),dfo,37,DFO (Distillate Fuel Oil),2499,2499-NT11
1129,21.860594,1.298276,15.4,-12.1,1.02,100,1,22,16,0,0,0,0,0,0,0,119,357,0,0,0,0,0,0,2,2000,0,2,31.5,120,GT (Gas Turbine),ng,38,NG (Natural Gas),2499,2499-NT12
1129,21.860594,1.298276,15.4,-12.1,1.02,100,1,22,16,0,0,0,0,0,0,0,124.5,373.5,0,0,0,0,0,0,2,2000,0,2,200.1,3220,GT (Gas Turbine),dfo,39,DFO (Distillate Fuel Oil),2499,2499-NT13
1129,21.860594,1.298276,15.4,-12.1,1.02,100,1,22,16,0,0,0,0,0,0,0,124.5,373.5,0,0,0,0,0,0,2,2000,0,2,200.1,3220,GT (Gas Turbine),dfo,40,DFO (Distillate Fuel Oil),2499,2499-NT14
1129,21.860594,1.298276,15.4,-12.1,1.02,100,1,22,16,0,0,0,0,0,0,0,124.5,373.5,0,0,0,0,0,0,2,2000,0,2,200.1,3220,GT (Gas Turbine),dfo,41,KER (Kerosene),2499,2499-NT15
1129,21.860594,1.298276,15.4,-12.1,1.02,100,1,22,15.700001,0,0,0,0,0,0,0,111,333,0,0,0,0,0,0,2,2000,0,2,200.1,3220,GT (Gas Turbine),dfo,42,DFO (Distillate Fuel Oil),2499,2499-NT16
1129,21.860594,1.298276,15.4,-12.1,1.02,100,1,22,15.6,0,0,0,0,0,0,0,124.5,373.5,0,0,0,0,0,0,2,2000,0,2,200.1,3220,GT (Gas Turbine),dfo,43,DFO (Distillate Fuel Oil),2499,2499-NT17
1129,21.860594,1.298276,15.4,-12.1,1.02,100,1,22,16,0,0,0,0,0,0,0,116,348,0,0,0,0,0,0,2,2000,0,2,31.5,120,GT (Gas Turbine),ng,44,NG (Natural Gas),2499,2499-NT18
1129,21.860594,1.298276,15.4,-12.1,1.02,100,1,22,16,0,0,0,0,0,0,0,124,372,0,0,0,0,0,0,2,2000,0,2,200.1,3220,GT (Gas Turbine),dfo,45,DFO (Distillate Fuel Oil),2499,2499-NT21
1129,21.860594,1.298276,15.4,-12.1,1.02,100,1,22,16,0,0,0,0,0,0,0,114.5,343.5,0,0,0,0,0,0,2,2000,0,2,200.1,3220,GT (Gas Turbine),dfo,46,DFO (Distillate Fuel Oil),2499,2499-NT22
1129,21.860594,1.298276,15.4,-12.1,1.02,100,1,22,16,0,0,0,0,0,0,0,119,357,0,0,0,0,0,0,2,2000,0,2,200.1,3220,GT (Gas Turbine),dfo,47,KER (Kerosene),2499,2499-NT23
1129,21.860594,1.298276,15.4,-12.1,1.02,100,1,22,16,0,0,0,0,0,0,0,121,363,0,0,0,0,0,0,2,2000,0,2,31.5,120,GT (Gas Turbine),ng,48,NG (Natural Gas),2499,2499-NT24
1129,21.860594,1.298276,15.4,-12.1,1.02,100,1,22,16,0,0,0,0,0,0,0,122,366,0,0,0,0,0,0,2,2000,0,2,200.1,3220,GT (Gas Turbine),dfo,49,DFO (Distillate Fuel Oil),2499,2499-NT25
1129,21.860594,1.298276,15.4,-12.1,1.02,100,1,22,15.4,0,0,0,0,0,0,0,109.5,328.5,0,0,0,0,0,0,2,2000,0,2,200.1,3220,GT (Gas Turbine),dfo,50,DFO (Distillate Fuel Oil),2499,2499-NT26
1129,21.860594,1.298276,15.4,-12.1,1.02,100,1,22,16,0,0,0,0,0,0,0,124.5,373.5,0,0,0,0,0,0,2,2000,0,2,200.1,3220,GT (Gas Turbine),dfo,51,DFO (Distillate Fuel Oil),2499,2499-NT27
1129,21.860594,1.298276,15.4,-12.1,1.02,100,1,22,15.800001,0,0,0,0,0,0,0,109.5,328.5,0,0,0,0,0,0,2,2000,0,2,29.4,112,GT (Gas Turbine),ng,52,NG (Natural Gas),2499,2499-NT28
1129,46.702179,1.298276,32.9,-25.9,1.02,100,1,47,1,0,0,0,0,0,0,0,200,600,0,0,0,0,0,0,2,2000,0,2,29.4,112,GT (Gas Turbine),ng,53,NG (Natural Gas),7910,7910-1
1129,46.702179,1.298276,32.9,-25.9,1.02,100,1,47,1,0,0,0,0,0,0,0,199.5,598.5,0,0,0,0,0,0,2,2000,0,2,29.4,112,GT (Gas Turbine),ng,54,NG (Natural Gas),7910,7910-2
1129,46.702179,1.298276,32.9,-25.9,1.02,100,1,47,1,0,0,0,0,0,0,0,230,690,0,0,0,0,0,0,2,2000,0,2,29.4,112,GT (Gas Turbine),ng,55,NG (Natural Gas),8053,8053-N01
1130,0,0,0.3,-0.2,1.02,100,0,0.4,0.1,0,0,0,0,0,0,0,0.8,2.4,0,0,0,0,0,0,2,500,0,2,207,0,IC (Internal Combustion),dfo,1,DFO (Distillate Fuel Oil),61416,61416-CAM12
1130,0,0,0.4,-0.3,1.02,100,0,0.6,0.1,0,0,0,0,0,0,0,1.2,3.6,0,0,0,0,0,0,2,500,0,2,207,0,IC (Internal Combustion),dfo,2,DFO (Distillate Fuel Oil),61416,61416-FPA15
1130,0,0,0.6,-0.5,1.02,100,0,0.9,0.3,0,0,0,0,0,0,0,1.8,5.4,0,0,0,0,0,0,2,500,0,2,207,0,IC (Internal Combustion),dfo,3,DFO (Distillate Fuel Oil),61416,61416-GP7
1130,0,0,0.6,-0.5,1.02,100,0,0.9,0.3,0,0,0,0,0,0,0,1.8,5.4,0,0,0,0,0,0,2,500,0,2,207,0,IC (Internal Combustion),dfo,4,DFO (Distillate Fuel Oil),61416,61416-GP8
1130,0,0,0.6,-0.5,1.02,100,0,0.9,0.3,0,0,0,0,0,0,0,1.8,5.4,0,0,0,0,0,0,2,500,0,2,207,0,IC (Internal Combustion),dfo,5,DFO (Distillate Fuel Oil),61416,61416-GP9
1130,0,0,0.7,-0.6,1.02,100,0,1,0.3,0,0,0,0,0,0,0,2,6,0,0,0,0,0,0,2,500,0,2,207,0,IC (Internal Combustion),dfo,6,DFO (Distillate Fuel Oil),61416,61416-AP1
1130,0,0,0.7,-0.6,1.02,100,0,1,0.3,0,0,0,0,0,0,0,2,6,0,0,0,0,0,0,2,500,0,2,207,0,IC (Internal Combustion),dfo,7,DFO (Distillate Fuel Oil),61416,61416-AP2
1130,0,0,0.7,-0.6,1.02,100,0,1,0.3,0,0,0,0,0,0,0,2,6,0,0,0,0,0,0,2,500,0,2,207,0,IC (Internal Combustion),dfo,8,DFO (Distillate Fuel Oil),61416,61416-AP3
1130,0,0,0.7,-0.6,1.02,100,0,1,0.3,0,0,0,0,0,0,0,2,6,0,0,0,0,0,0,2,500,0,2,207,0,IC (Internal Combustion),dfo,9,DFO (Distillate Fuel Oil),61416,61416-AP4
1130,0,0,1.1,-0.8,1.02,100,0,1.5,0.4,0,0,0,0,0,0,0,3,9,0,0,0,0,0,0,2,500,0,2,207,0,IC (Internal Combustion),dfo,10,DFO (Distillate Fuel Oil),61416,61416-AP5
1130,0,0,1.1,-0.8,1.02,100,0,1.5,0.4,0,0,0,0,0,0,0,3,9,0,0,0,0,0,0,2,500,0,2,207,0,IC (Internal Combustion),dfo,11,DFO (Distillate Fuel Oil),61416,61416-AP6
1130,0,0,1.1,-0.8,1.02,100,0,1.5,0.4,0,0,0,0,0,0,0,3,9,0,0,0,0,0,0,2,500,0,2,207,0,IC (Internal Combustion),dfo,12,DFO (Distillate Fuel Oil),61416,61416-EB10
1130,0,0,1.1,-0.8,1.02,100,0,1.5,0.4,0,0,0,0,0,0,0,3,9,0,0,0,0,0,0,2,500,0,2,207,0,IC (Internal Combustion),dfo,13,DFO (Distillate Fuel Oil),61416,61416-EB11
1130,0,0,1.8,-1.4,1.02,100,0,2.5,0.7,0,0,0,0,0,0,0,5,15,0,0,0,0,0,0,2,500,0,2,207,0,IC (Internal Combustion),dfo,14,DFO (Distillate Fuel Oil),61416,61416-HES13
1130,0,0,1.8,-1.4,1.02,100,0,2.5,0.7,0,0,0,0,0,0,0,5,15,0,0,0,0,0,0,2,500,0,2,207,0,IC (Internal Combustion),dfo,15,DFO (Distillate Fuel Oil),61416,61416-HES14
1130,18.382771,0,13,-10.2,1.02,100,1,18.5,8,0,0,0,0,0,0,0,97.5,292.5,0,0,0,0,0,0,2,500,0,2,200.1,3220,GT (Gas Turbine),dfo,16,DFO (Distillate Fuel Oil),2504,2504-GT1
1130,18.382771,0,13,-10.2,1.02,100,1,18.5,8,0,0,0,0,0,0,0,107,321,0,0,0,0,0,0,2,500,0,2,200.1,3220,GT (Gas Turbine),dfo,17,DFO (Distillate Fuel Oil),2504,2504-GT2
1131,0,0,11.4,-9,1.02,100,0,16.3,11,0,0,0,0,0,0,0,97.5,292.5,0,0,0,0,0,0,2,500,0,2,200.1,3220,GT (Gas Turbine),dfo,1,DFO (Distillate Fuel Oil),2496,2496-GT3
1131,0,0,11.4,-9,1.02,100,0,16.3,11,0,0,0,0,0,0,0,101,303,0,0,0,0,0,0,2,500,0,2,200.1,3220,GT (Gas Turbine),dfo,2,DFO (Distillate Fuel Oil),2496,2496-GT5
1131,0,0,120.749998,-112.699997,1.02,100,0,161.000001,125,0,0,0,0,0,0,0,620,1860,0,0,0,0,0,0,2,1480,0,2,26.76996808,949.2058447,CC (Combined Cycle Generic),ng,C2,NG (Natural Gas),54914,54914_CC2
1131,160.158467,120.749998,120.749998,-112.699997,1.02,100,1,161.000001,125,0,0,0,0,0,0,0,620,1860,0,0,0,0,0,0,2,1480,0,2,27.28837272,825.6644053,CC (Combined Cycle Generic),ng,C3,NG (Natural Gas),54914,54914_CC1
1132,199.620998,289.602995,9900,-9900,1.02,100,1,199.620998,199.620998,0,0,0,0,0,0,0,0,0,0,0,0,0,0,0,2,0,0,2,0,0,proxy,import,x,import,0,0
1133,0,0,1,-0.8,1.02,100,0,1.4,0.1,0,0,0,0,0,0,0,2.8,8.4,0,0,0,0,0,0,2,500,0,2,207,0,IC (Internal Combustion),dfo,1,DFO (Distillate Fuel Oil),61238,61238-GRB1
1133,0,0,1,-0.8,1.02,100,0,1.4,0.1,0,0,0,0,0,0,0,2.8,8.4,0,0,0,0,0,0,2,500,0,2,207,0,IC (Internal Combustion),dfo,2,DFO (Distillate Fuel Oil),61238,61238-GRB2
1133,0,0,1,-0.8,1.02,100,0,1.4,0.1,0,0,0,0,0,0,0,2.8,8.4,0,0,0,0,0,0,2,500,0,2,25.2,0,IC (Internal Combustion),ng,3,NG (Natural Gas),61238,61238-GRB3
1133,0,0,1.1,-0.8,1.02,100,0,1.5,0.1,0,0,0,0,0,0,0,3,9,0,0,0,0,0,0,2,500,0,2,207,0,IC (Internal Combustion),dfo,4,DFO (Distillate Fuel Oil),61238,61238-DHK1
1133,0,0,1.1,-0.8,1.02,100,0,1.5,0.1,0,0,0,0,0,0,0,3,9,0,0,0,0,0,0,2,500,0,2,207,0,IC (Internal Combustion),dfo,5,DFO (Distillate Fuel Oil),61238,61238-DHK2
1133,0,0,1.1,-0.8,1.02,100,0,1.5,0.1,0,0,0,0,0,0,0,3,9,0,0,0,0,0,0,2,500,0,2,207,0,IC (Internal Combustion),dfo,6,DFO (Distillate Fuel Oil),61238,61238-DHK3
1133,0,0,1.1,-0.8,1.02,100,0,1.5,0.1,0,0,0,0,0,0,0,3,9,0,0,0,0,0,0,2,500,0,2,207,0,IC (Internal Combustion),dfo,7,DFO (Distillate Fuel Oil),61238,61238-GRB4
1133,0,0,1.8,-1.4,1.02,100,0,2.5,0.3,0,0,0,0,0,0,0,5,15,0,0,0,0,0,0,2,500,0,2,207,0,IC (Internal Combustion),dfo,8,DFO (Distillate Fuel Oil),61238,61238-ANX1
1133,0,0,1.8,-1.4,1.02,100,0,2.5,0.3,0,0,0,0,0,0,0,5,15,0,0,0,0,0,0,2,500,0,2,207,0,IC (Internal Combustion),dfo,9,DFO (Distillate Fuel Oil),61238,61238-ANX2
1133,0,0,5.4,-4.2,1.02,100,0,7.7,0.7,0,0,0,0,0,0,0,38.5,115.5,0,0,0,0,0,0,2,2000,0,2,200.1,3220,GT (Gas Turbine),dfo,10,DFO (Distillate Fuel Oil),61238,61238-CGTB
1133,0,0,11.2,-8.8,1.02,100,0,16,7,0,0,0,0,0,0,0,50.5,151.5,0,0,0,0,0,0,2,2000,0,2,29.4,112,GT (Gas Turbine),ng,11,NG (Natural Gas),2500,2500-GT1
1133,0,0,14.8,-11.6,1.02,100,0,21.1,7,0,0,0,0,0,0,0,78,234,0,0,0,0,0,0,2,2000,0,2,29.4,112,GT (Gas Turbine),ng,12,NG (Natural Gas),2500,2500-GT4
1133,0,0,14.8,-11.6,1.02,100,0,21.1,7,0,0,0,0,0,0,0,86,258,0,0,0,0,0,0,2,2000,0,2,29.4,112,GT (Gas Turbine),ng,13,NG (Natural Gas),2500,2500-GT5
1133,21.860594,2.87617,15.4,-12.1,1.02,100,1,22,7,0,0,0,0,0,0,0,82.5,247.5,0,0,0,0,0,0,2,2000,0,2,29.4,112,GT (Gas Turbine),ng,14,NG (Natural Gas),2500,2500-GT6
1133,24.841583,2.87617,17.5,-13.8,1.02,100,1,25,10,0,0,0,0,0,0,0,122,366,0,0,0,0,0,0,2,2000,0,2,31.5,120,GT (Gas Turbine),ng,15,NG (Natural Gas),2500,2500-GT10
1133,24.841583,2.87617,17.5,-13.8,1.02,100,1,25,10,0,0,0,0,0,0,0,112,336,0,0,0,0,0,0,2,2000,0,2,29.4,112,GT (Gas Turbine),ng,16,NG (Natural Gas),2500,2500-GT11
1133,0,0,17.5,-13.8,1.02,100,0,25,10,0,0,0,0,0,0,0,114,342,0,0,0,0,0,0,2,2000,0,2,29.4,112,GT (Gas Turbine),ng,17,NG (Natural Gas),2500,2500-GT9
1133,0,0,30.000001,-23.6,1.02,100,0,42.899999,10,0,0,0,0,0,0,0,208.5,625.5,0,0,0,0,0,0,2,2000,0,2,29.4,112,GT (Gas Turbine),ng,18,NG (Natural Gas),2500,2500-GT21
1133,42.628157,2.87617,30.000001,-23.6,1.02,100,1,42.899999,10,0,0,0,0,0,0,0,209.5,628.5,0,0,0,0,0,0,2,2000,0,2,29.4,112,GT (Gas Turbine),ng,19,NG (Natural Gas),2500,2500-GT22
1133,0,0,30.000001,-23.6,1.02,100,0,42.899999,10,0,0,0,0,0,0,0,186.5,559.5,0,0,0,0,0,0,2,2000,0,2,29.4,112,GT (Gas Turbine),ng,20,NG (Natural Gas),2500,2500-GT23
1133,0,0,30.000001,-23.6,1.02,100,0,42.899999,10,0,0,0,0,0,0,0,208,624,0,0,0,0,0,0,2,2000,0,2,29.4,112,GT (Gas Turbine),ng,21,NG (Natural Gas),2500,2500-GT24
1133,0,0,30.000001,-23.6,1.02,100,0,42.899999,10,0,0,0,0,0,0,0,204,612,0,0,0,0,0,0,2,2000,0,2,29.4,112,GT (Gas Turbine),ng,22,NG (Natural Gas),2500,2500-GT31
1133,0,0,30.000001,-23.6,1.02,100,0,42.899999,10,0,0,0,0,0,0,0,201.5,604.5,0,0,0,0,0,0,2,2000,0,2,29.4,112,GT (Gas Turbine),ng,23,NG (Natural Gas),2500,2500-GT32
1133,0,0,30.000001,-23.6,1.02,100,0,42.899999,10,0,0,0,0,0,0,0,204,612,0,0,0,0,0,0,2,2000,0,2,29.4,112,GT (Gas Turbine),ng,24,NG (Natural Gas),2500,2500-GT34
1133,46.702179,2.87617,32.9,-25.9,1.02,100,1,47,1,0,0,0,0,0,0,0,200,600,0,0,0,0,0,0,2,2000,0,2,29.4,112,GT (Gas Turbine),ng,25,NG (Natural Gas),7909,7909-VG02
1133,46.702179,2.87617,32.9,-25.9,1.02,100,1,47,1,0,0,0,0,0,0,0,199.5,598.5,0,0,0,0,0,0,2,2000,0,2,29.4,112,GT (Gas Turbine),ng,26,NG (Natural Gas),7909,7909-VG03
1133,400,2.87617,279.999995,-220.000005,1.02,100,1,400,75,0,0,0,0,0,0,0,149.12,447.36,0,0,0,0,0,0,2,2500,0,2,31.5,660,ST (Steam Turbine),ng,29,NG (Natural Gas),2500,2500-1
1133,400,2.87617,279.999995,-220.000005,1.02,100,1,400,75,0,0,0,0,0,0,0,150.12,450.36,0,0,0,0,0,0,2,2500,0,2,31.5,660,ST (Steam Turbine),ng,30,NG (Natural Gas),2500,2500-2
1133,1027.000046,2.87617,718.900013,-564.900017,1.02,100,1,1027.000046,150,0,0,0,0,0,0,0,391.12,1173.36,0,0,0,0,0,0,2,2500,0,2,31.5,660,ST (Steam Turbine),ng,31,NG (Natural Gas),2500,2500-3
1133,266.798592,2.87617,201.375008,-187.950003,1.02,100,1,268.499994,114.999998,0,0,0,0,0,0,0,600,1800,0,0,0,0,0,0,2,2469,0,2,19.16859984,661.4632389,CC (Combined Cycle Generic),ng,C1,NG (Natural Gas),2500,2500_CCR4
1135,16.991642,0,12,-9.4,1.02,100,1,17.1,3,0,0,0,0,0,0,0,101.5,304.5,0,0,0,0,0,0,2,2000,0,2,200.1,3220,GT (Gas Turbine),dfo,1,DFO (Distillate Fuel Oil),2503,2503-GT1
1136,100,316.109991,9900,-9900,1.02,100,1,100,100,0,0,0,0,0,0,0,0,0,0,0,0,0,0,0,2,0,0,2,0,0,proxy,import,x,import,0,0
1146,27.822575,-7.374738,19.599999,-15.4,1.01,100,1,28,8,0,0,0,0,0,0,0,0,0,0,0,0,0,0,0,2,0,0,2,2.5,250,ST (Steam Turbine),other,1,MSW (Municipal Solid Waste),50656,50656-GEN1
1147,78.996235,0,55.699998,-43.700001,1.01,100,1,79.500002,68.099999,0,0,0,0,0,0,0,506.5,1519.5,0,0,0,0,0,0,2,500,0,2,31.5,120,GT (Gas Turbine),ng,1,NG (Natural Gas),7146,7146-1
1147,78.996235,-43.700001,55.699998,-43.700001,1.01,100,1,79.500002,66.399997,0,0,0,0,0,0,0,481,1443,0,0,0,0,0,0,2,500,0,2,200.1,3220,GT (Gas Turbine),dfo,2,DFO (Distillate Fuel Oil),7146,7146-02
1147,78.996235,-43.700001,55.699998,-43.700001,1.01,100,1,79.500002,65.899998,0,0,0,0,0,0,0,495,1485,0,0,0,0,0,0,2,500,0,2,200.1,3220,GT (Gas Turbine),dfo,3,DFO (Distillate Fuel Oil),7146,7146-03
1148,49.683166,22.951214,34.999999,-27.500001,1.02,100,1,50,39.899999,0,0,0,0,0,0,0,235,705,0,0,0,0,0,0,2,500,0,2,200.1,3220,GT (Gas Turbine),dfo,1,DFO (Distillate Fuel Oil),55787,55787-CT01
1148,49.683166,22.951214,34.999999,-27.500001,1.02,100,1,50,39.899999,0,0,0,0,0,0,0,235,705,0,0,0,0,0,0,2,500,0,2,200.1,3220,GT (Gas Turbine),dfo,2,DFO (Distillate Fuel Oil),55787,55787-CT02
1148,341.369009,22.951214,9900,-9900,1.02,100,1,341.369009,341.369009,0,0,0,0,0,0,0,0,0,0,0,0,0,0,0,2,0,0,2,0,0,proxy,import,x,import,0,0
1162,0,0,32.9,-25.9,1.01,100,0,47,23,0,0,0,0,0,0,0,235.5,706.5,0,0,0,0,0,0,2,2000,0,2,31.5,120,GT (Gas Turbine),ng,1,NG (Natural Gas),54149,54149-GEN1
1164,31.300396,-17.299999,22.1,-17.299999,1.01,100,1,31.5,0,0,0,0,0,0,0,0,0,0,0,0,0,0,0,0,2,0,0,2,0,0,PV (Photovoltaic),solar,1,SUN (Solar),57589,57589-9WUBN
1169,24.742217,-8.777671,17.399999,-13.699999,1.01,100,1,24.9,0,0,0,0,0,0,0,0,0,0,0,0,0,0,0,0,2,0,0,2,0,0,PV (Photovoltaic),solar,1,SUN (Solar),60045,60045-GEN1
1170,19.873267,0,14,-11,1.01,100,1,20,0,0,0,0,0,0,0,0,0,0,0,0,0,0,0,0,2,0,0,2,0,0,PV (Photovoltaic),solar,1,SUN (Solar),62017,62017-RIV1
1172,15.898612,-0.177763,11.2,-8.8,1.02,100,1,16,0,0,0,0,0,0,0,0,0,0,0,0,0,0,0,0,2,0,0,2,0,0,PV (Photovoltaic),solar,1,SUN (Solar),62389,62389-PASTO
1173,17.88594,3.514702,12.6,-9.9,1.02,100,1,18.000001,0,0,0,0,0,0,0,0,0,0,0,0,0,0,0,0,2,0,0,2,0,0,PV (Photovoltaic),solar,1,SUN (Solar),62413,62413-ELLIS
1181,2.744616,2,2,-1.5,1.02,100,1,2.8,0.7,0,0,0,0,0,0,0,5000,15000,0,0,0,0,0,0,2,0,0,2,0,0,HY (Hydro),hydro,1,WAT (Water),2574,2574-1
1181,2.744616,2,2,-1.5,1.02,100,1,2.8,0.7,0,0,0,0,0,0,0,5000,15000,0,0,0,0,0,0,2,0,0,2,0,0,HY (Hydro),hydro,2,WAT (Water),2574,2574-2
1181,2.744616,2,2,-1.5,1.02,100,1,2.8,0.7,0,0,0,0,0,0,0,5000,15000,0,0,0,0,0,0,2,0,0,2,0,0,HY (Hydro),hydro,3,WAT (Water),2574,2574-3
1181,3.43077,2.5,2.5,-1.9,1.02,100,1,3.5,0.7,0,0,0,0,0,0,0,5000,15000,0,0,0,0,0,0,2,0,0,2,0,0,HY (Hydro),hydro,4,WAT (Water),2574,2574-4
1194,6.37143,4.6,4.6,-3.6,1.02,100,1,6.5,0.8,0,0,0,0,0,0,0,5000,15000,0,0,0,0,0,0,2,0,0,2,0,0,HY (Hydro),hydro,1,WAT (Water),51034,51034-GEN1
1194,6.37143,4.6,4.6,-3.6,1.02,100,1,6.5,0.8,0,0,0,0,0,0,0,5000,15000,0,0,0,0,0,0,2,0,0,2,0,0,HY (Hydro),hydro,2,WAT (Water),51034,51034-GEN2
1213,9.802201,7,7,-5.5,1.02,100,1,10,4,0,0,0,0,0,0,0,5000,15000,0,0,0,0,0,0,2,0,0,2,0,0,HY (Hydro),hydro,1,WAT (Water),2543,2543-1
1213,9.802201,7,7,-5.5,1.02,100,1,10,4,0,0,0,0,0,0,0,5000,15000,0,0,0,0,0,0,2,0,0,2,0,0,HY (Hydro),hydro,2,WAT (Water),2543,2543-2
1223,24.5055,17.5,17.5,-13.8,1.02,100,1,25,1,0,0,0,0,0,0,0,5000,15000,0,0,0,0,0,0,2,0,0,2,0,0,HY (Hydro),hydro,1,WAT (Water),2483,2483-H1
1227,245.055008,-18.512207,175,-137.5,1.02,100,1,250,1,0,0,0,0,0,0,0,5000,15000,0,0,0,0,0,0,2,0,0,2,0,0,PS (Hydro Pumped Storage),hydro,1,WAT (Water),2691,2691-1
1227,245.055008,-18.512207,175,-137.5,1.02,100,1,250,1,0,0,0,0,0,0,0,5000,15000,0,0,0,0,0,0,2,0,0,2,0,0,PS (Hydro Pumped Storage),hydro,2,WAT (Water),2691,2691-2
1227,245.055008,-18.512207,175,-137.5,1.02,100,1,250,1,0,0,0,0,0,0,0,5000,15000,0,0,0,0,0,0,2,0,0,2,0,0,PS (Hydro Pumped Storage),hydro,3,WAT (Water),2691,2691-3
1227,245.055008,-18.512207,175,-137.5,1.02,100,1,250,1,0,0,0,0,0,0,0,5000,15000,0,0,0,0,0,0,2,0,0,2,0,0,PS (Hydro Pumped Storage),hydro,4,WAT (Water),2691,2691-4
1230,34.340626,-11.200831,39.899999,-31.400001,1.02,100,1,56.999999,1,0,0,0,0,0,0,0,5000,15000,0,0,0,0,0,0,2,0,0,2,0,0,HY (Hydro),hydro,1,WAT (Water),2694,2694-17
1230,34.340626,-11.200831,39.899999,-31.400001,1.02,100,1,56.999999,1,0,0,0,0,0,0,0,5000,15000,0,0,0,0,0,0,2,0,0,2,0,0,HY (Hydro),hydro,2,WAT (Water),2694,2694-18
1230,34.340626,-11.200831,39.899999,-31.400001,1.02,100,1,56.999999,1,0,0,0,0,0,0,0,5000,15000,0,0,0,0,0,0,2,0,0,2,0,0,HY (Hydro),hydro,3,WAT (Water),2694,2694-19
1230,34.340626,-11.200831,39.899999,-31.400001,1.02,100,1,56.999999,1,0,0,0,0,0,0,0,5000,15000,0,0,0,0,0,0,2,0,0,2,0,0,HY (Hydro),hydro,4,WAT (Water),2694,2694-20
1230,34.340626,-11.200831,39.899999,-31.400001,1.02,100,1,56.999999,1,0,0,0,0,0,0,0,5000,15000,0,0,0,0,0,0,2,0,0,2,0,0,HY (Hydro),hydro,5,WAT (Water),2694,2694-21
1230,34.340626,-11.200831,39.899999,-31.400001,1.02,100,1,56.999999,1,0,0,0,0,0,0,0,5000,15000,0,0,0,0,0,0,2,0,0,2,0,0,HY (Hydro),hydro,6,WAT (Water),2694,2694-22
1230,34.340626,-11.200831,39.899999,-31.400001,1.02,100,1,56.999999,1,0,0,0,0,0,0,0,5000,15000,0,0,0,0,0,0,2,0,0,2,0,0,HY (Hydro),hydro,7,WAT (Water),2694,2694-23
1230,34.340626,-11.200831,39.899999,-31.400001,1.02,100,1,56.999999,1,0,0,0,0,0,0,0,5000,15000,0,0,0,0,0,0,2,0,0,2,0,0,HY (Hydro),hydro,8,WAT (Water),2694,2694-24
1230,55.872548,-11.200831,39.899999,-31.400001,1.02,100,1,56.999999,1,0,0,0,0,0,0,0,5000,15000,0,0,0,0,0,0,2,0,0,2,0,0,HY (Hydro),hydro,9,WAT (Water),2694,2694-25
1230,34.340626,-11.200831,39.899999,-31.400001,1.02,100,1,56.999999,1,0,0,0,0,0,0,0,5000,15000,0,0,0,0,0,0,2,0,0,2,0,0,HY (Hydro),hydro,10,WAT (Water),2694,2694-26
1230,34.340626,-11.200831,39.899999,-31.400001,1.02,100,1,56.999999,1,0,0,0,0,0,0,0,5000,15000,0,0,0,0,0,0,2,0,0,2,0,0,HY (Hydro),hydro,11,WAT (Water),2694,2694-27
1230,34.340626,-11.200831,39.899999,-31.400001,1.02,100,1,56.999999,1,0,0,0,0,0,0,0,5000,15000,0,0,0,0,0,0,2,0,0,2,0,0,HY (Hydro),hydro,12,WAT (Water),2694,2694-28
1230,34.340626,-11.200831,39.899999,-31.400001,1.02,100,1,56.999999,1,0,0,0,0,0,0,0,5000,15000,0,0,0,0,0,0,2,0,0,2,0,0,HY (Hydro),hydro,13,WAT (Water),2694,2694-29
1230,34.340626,-11.200831,39.899999,-31.400001,1.02,100,1,56.999999,1,0,0,0,0,0,0,0,5000,15000,0,0,0,0,0,0,2,0,0,2,0,0,HY (Hydro),hydro,14,WAT (Water),2694,2694-30
1230,34.340626,-11.200831,39.899999,-31.400001,1.02,100,1,56.999999,1,0,0,0,0,0,0,0,5000,15000,0,0,0,0,0,0,2,0,0,2,0,0,HY (Hydro),hydro,15,WAT (Water),2694,2694-31
1230,34.340626,-11.200831,39.899999,-31.400001,1.02,100,1,56.999999,1,0,0,0,0,0,0,0,5000,15000,0,0,0,0,0,0,2,0,0,2,0,0,HY (Hydro),hydro,16,WAT (Water),2694,2694-32
1231,750,57.823002,9900,-9900,1.03,100,1,750,750,0,0,0,0,0,0,0,0,0,0,0,0,0,0,0,2,0,0,2,0,0,proxy,import,x,import,0,0
1236,0,0,631.30002,-496.000004,1.02,100,0,901.799965,150,0,0,0,0,0,0,0,155.2,465.6,0,0,0,0,0,0,2,500,0,2,234.6,4876,ST (Steam Turbine),dfo,1,DFO (Distillate Fuel Oil),2594,2594-ST5
1236,0,0,631.30002,-496.000004,1.02,100,0,901.799965,150,0,0,0,0,0,0,0,166.1,498.3,0,0,0,0,0,0,2,500,0,2,234.6,4876,ST (Steam Turbine),dfo,2,DFO (Distillate Fuel Oil),2594,2594-ST6
1240,637.733221,-53.953534,449.300003,-352.999997,1.02,100,1,641.800022,480.999994,0,0,0,0,0,0,0,16.38,49.14,0,0,0,0,0,0,2,50000,20000,2,2,200,ST (Steam Turbine),nuclear,1,NUC (Nuclear),2589,2589-1
1240,1251.320267,-53.953534,881.499958,-692.600012,1.02,100,1,1259.300041,943.999958,0,0,0,0,0,0,0,33.8416,101.5248,0,0,0,0,0,0,2,50000,20000,2,2,200,ST (Steam Turbine),nuclear,2,NUC (Nuclear),2589,2589-2
1249,0,0,458.599997,-360.299993,1.02,100,0,655.100012,150,0,0,0,0,0,0,0,17.5864,52.7592,0,0,0,0,0,0,2,5000,1000,2,35.84662359,2044.957632,ST (Steam Turbine),coal,1,BIT (Bituminous Coal),6082,6082-1
1250,86.945534,-35.309234,61.299998,-48.100001,1.02,100,1,87.5,0,0,0,0,0,0,0,0,0,0,0,0,0,0,0,0,2,0,0,2,0,0,WT (Wind Turbine),wind,1,WND (Wind),56634,56634-1
1263,0.172189,-727.322769,9900,-9900,1,100,1,0.25,-0.25,0,0,0,0,0,0,0,0,0,0,0,0,0,0,0,2,0,0,2,0,0,reference,reference,RF,reference,0,0
1273,0,0,0.6,-0.4,1.02,100,0,0.8,0.6,0,0,0,0,0,0,0,0,0,0,0,0,0,0,0,2,0,0,2,0,0,IC (Internal Combustion),other,1,LFG (Landfill Gas),54782,54782-GE10
1273,0,0,0.6,-0.4,1.02,100,0,0.8,0.6,0,0,0,0,0,0,0,0,0,0,0,0,0,0,0,2,0,0,2,0,0,IC (Internal Combustion),other,2,LFG (Landfill Gas),54782,54782-GE11
1273,0,0,0.6,-0.4,1.02,100,0,0.8,0.6,0,0,0,0,0,0,0,0,0,0,0,0,0,0,0,2,0,0,2,0,0,IC (Internal Combustion),other,3,LFG (Landfill Gas),54782,54782-GE12
1273,0,0,0.6,-0.4,1.02,100,0,0.8,0.6,0,0,0,0,0,0,0,0,0,0,0,0,0,0,0,2,0,0,2,0,0,IC (Internal Combustion),other,4,LFG (Landfill Gas),54782,54782-GE13
1273,0,0,0.6,-0.4,1.02,100,0,0.8,0.6,0,0,0,0,0,0,0,0,0,0,0,0,0,0,0,2,0,0,2,0,0,IC (Internal Combustion),other,5,LFG (Landfill Gas),54782,54782-GE14
1273,0,0,0.6,-0.4,1.02,100,0,0.8,0.6,0,0,0,0,0,0,0,0,0,0,0,0,0,0,0,2,0,0,2,0,0,IC (Internal Combustion),other,6,LFG (Landfill Gas),54782,54782-GEN1
1273,0,0,0.6,-0.4,1.02,100,0,0.8,0.6,0,0,0,0,0,0,0,0,0,0,0,0,0,0,0,2,0,0,2,0,0,IC (Internal Combustion),other,7,LFG (Landfill Gas),54782,54782-GEN2
1273,0,0,0.6,-0.4,1.02,100,0,0.8,0.6,0,0,0,0,0,0,0,0,0,0,0,0,0,0,0,2,0,0,2,0,0,IC (Internal Combustion),other,8,LFG (Landfill Gas),54782,54782-GEN3
1273,0,0,0.6,-0.4,1.02,100,0,0.8,0.6,0,0,0,0,0,0,0,0,0,0,0,0,0,0,0,2,0,0,2,0,0,IC (Internal Combustion),other,9,LFG (Landfill Gas),54782,54782-GEN4
1273,0,0,0.6,-0.4,1.02,100,0,0.8,0.6,0,0,0,0,0,0,0,0,0,0,0,0,0,0,0,2,0,0,2,0,0,IC (Internal Combustion),other,10,LFG (Landfill Gas),54782,54782-GEN5
1273,0,0,0.6,-0.4,1.02,100,0,0.8,0.6,0,0,0,0,0,0,0,0,0,0,0,0,0,0,0,2,0,0,2,0,0,IC (Internal Combustion),other,11,LFG (Landfill Gas),54782,54782-GEN6
1273,0,0,0.6,-0.4,1.02,100,0,0.8,0.6,0,0,0,0,0,0,0,0,0,0,0,0,0,0,0,2,0,0,2,0,0,IC (Internal Combustion),other,12,LFG (Landfill Gas),54782,54782-GEN7
1273,0,0,0.6,-0.4,1.02,100,0,0.8,0.6,0,0,0,0,0,0,0,0,0,0,0,0,0,0,0,2,0,0,2,0,0,IC (Internal Combustion),other,13,LFG (Landfill Gas),54782,54782-GEN8
1273,0,0,0.6,-0.4,1.02,100,0,0.8,0.6,0,0,0,0,0,0,0,0,0,0,0,0,0,0,0,2,0,0,2,0,0,IC (Internal Combustion),other,14,LFG (Landfill Gas),54782,54782-GEN9
1273,0,0,1.1,-0.9,1.02,100,0,1.6,0.8,0,0,0,0,0,0,0,0,0,0,0,0,0,0,0,2,0,0,2,0,0,IC (Internal Combustion),other,15,LFG (Landfill Gas),54782,54782-GE15
1273,0,0,1.1,-0.9,1.02,100,0,1.6,0.8,0,0,0,0,0,0,0,0,0,0,0,0,0,0,0,2,0,0,2,0,0,IC (Internal Combustion),other,16,LFG (Landfill Gas),54782,54782-GE16
1273,0,0,1.1,-0.9,1.02,100,0,1.6,0.8,0,0,0,0,0,0,0,0,0,0,0,0,0,0,0,2,0,0,2,0,0,IC (Internal Combustion),other,17,LFG (Landfill Gas),54782,54782-GE17
1273,0,0,1.1,-0.9,1.02,100,0,1.6,0.8,0,0,0,0,0,0,0,0,0,0,0,0,0,0,0,2,0,0,2,0,0,IC (Internal Combustion),other,18,LFG (Landfill Gas),54782,54782-GE18
1287,79.393703,-13.022617,55.900002,-43.900001,1.02,100,1,79.900002,0,0,0,0,0,0,0,0,0,0,0,0,0,0,0,0,2,0,0,2,0,0,WT (Wind Turbine),wind,1,WND (Wind),58979,58979-CPHGN
138,93.801999,-23.37402,66.100001,-51.899999,1.02,100,1,94.400001,0,0,0,0,0,0,0,0,0,0,0,0,0,0,0,0,2,0,0,2,0,0,WT (Wind Turbine),wind,1,WND (Wind),58088,58088-1
1296,111.2903,-23.37402,78.399998,-61.6,1.02,100,1,112,0,0,0,0,0,0,0,0,0,0,0,0,0,0,0,0,2,0,0,2,0,0,WT (Wind Turbine),wind,2,WND (Wind),56953,56953-1
1313,200,-37.237036,9900,-9900,1.02,100,1,200,200,0,0,0,0,0,0,0,0,0,0,0,0,0,0,0,2,0,0,2,0,0,proxy,import,x,import,0,0
1320,0,0,20,-20,1.0269,100,0,0,0,0,0,0,0,0,0,0,0,0,0,0,0,0,0,0,2,0,0,2,0,0,proxy,import,X,import,0,0
1321,0,0,67.199999,-52.8,1.02,100,0,95.999998,34.999999,0,0,0,0,0,0,0,1.95,5.85,0,0,0,0,0,0,2,5000,1000,2,40,2400,ST (Steam Turbine),coal,1,SUB (Subbituminous Coal),2554,2554-1
1321,0,0,67.199999,-52.8,1.02,100,0,95.999998,34.999999,0,0,0,0,0,0,0,1.95,5.85,0,0,0,0,0,0,2,5000,1000,2,40,2400,ST (Steam Turbine),coal,2,SUB (Subbituminous Coal),2554,2554-2
1321,0,0,152.3,-119.700003,1.02,100,0,217.600012,85.000002,0,0,0,0,0,0,0,4.81,14.43,0,0,0,0,0,0,2,5000,1000,2,40,2400,ST (Steam Turbine),coal,3,SUB (Subbituminous Coal),2554,2554-3
1321,0,0,152.3,-119.700003,1.02,100,0,217.600012,85.000002,0,0,0,0,0,0,0,4.81,14.43,0,0,0,0,0,0,2,5000,1000,2,0,0,ST (Steam Turbine),coal,4,SUB (Subbituminous Coal),2554,2554-ST4
1324,79.294336,-7.564516,55.900002,-43.900001,1.02,100,1,79.799998,7.1,0,0,0,0,0,0,0,0,0,0,0,0,0,0,0,2,0,0,2,0,0,WT (Wind Turbine),wind,1,WND (Wind),61673,61673-WT
1330,90.025902,-17.95038,67.949998,-63.419998,1.02,100,1,90.600002,63,0,0,0,0,0,0,0,750,2250,0,0,0,0,0,0,2,878,0,2,23.52826174,358.9380647,CC (Combined Cycle Generic),ng,C1,NG (Natural Gas),54076,54076_G721
1413,0,0,20,-20,1.0315,100,0,0,0,0,0,0,0,0,0,0,0,0,0,0,0,0,0,0,2,0,0,2,0,0,proxy,import,X,import,0,0
1427,21.054088,-9.758344,105.200005,-82.700002,1.02,100,1,150.300002,1,0,0,0,0,0,0,0,5000,15000,0,0,0,0,0,0,2,0,0,2,0,0,HY (Hydro),hydro,1,WAT (Water),2693,2693-8
1427,90.550828,-9.758344,105.200005,-82.700002,1.02,100,1,150.300002,1,0,0,0,0,0,0,0,5000,15000,0,0,0,0,0,0,2,0,0,2,0,0,HY (Hydro),hydro,2,WAT (Water),2693,2693-9
1427,116.577399,-9.758344,135.500002,-106.400001,1.02,100,1,193.499994,1,0,0,0,0,0,0,0,5000,15000,0,0,0,0,0,0,2,0,0,2,0,0,HY (Hydro),hydro,3,WAT (Water),2693,2693-1
1427,116.577399,-9.758344,135.500002,-106.400001,1.02,100,1,193.499994,1,0,0,0,0,0,0,0,5000,15000,0,0,0,0,0,0,2,0,0,2,0,0,HY (Hydro),hydro,4,WAT (Water),2693,2693-2
1427,116.577399,-9.758344,135.500002,-106.400001,1.02,100,1,193.499994,1,0,0,0,0,0,0,0,5000,15000,0,0,0,0,0,0,2,0,0,2,0,0,HY (Hydro),hydro,5,WAT (Water),2693,2693-3
1427,116.577399,-9.758344,135.500002,-106.400001,1.02,100,1,193.499994,1,0,0,0,0,0,0,0,5000,15000,0,0,0,0,0,0,2,0,0,2,0,0,HY (Hydro),hydro,6,WAT (Water),2693,2693-4
1427,116.577399,-9.758344,135.500002,-106.400001,1.02,100,1,193.499994,1,0,0,0,0,0,0,0,5000,15000,0,0,0,0,0,0,2,0,0,2,0,0,HY (Hydro),hydro,7,WAT (Water),2693,2693-5
1427,116.577399,-9.758344,135.500002,-106.400001,1.02,100,1,193.499994,1,0,0,0,0,0,0,0,5000,15000,0,0,0,0,0,0,2,0,0,2,0,0,HY (Hydro),hydro,8,WAT (Water),2693,2693-6
1427,189.672589,-9.758344,135.500002,-106.400001,1.02,100,1,193.499994,1,0,0,0,0,0,0,0,5000,15000,0,0,0,0,0,0,2,0,0,2,0,0,HY (Hydro),hydro,9,WAT (Water),2693,2693-7
1427,116.577399,-9.758344,135.500002,-106.400001,1.02,100,1,193.499994,1,0,0,0,0,0,0,0,5000,15000,0,0,0,0,0,0,2,0,0,2,0,0,HY (Hydro),hydro,10,WAT (Water),2693,2693-10
1427,116.577399,-9.758344,135.500002,-106.400001,1.02,100,1,193.499994,1,0,0,0,0,0,0,0,5000,15000,0,0,0,0,0,0,2,0,0,2,0,0,HY (Hydro),hydro,11,WAT (Water),2693,2693-11
1427,18.67929,-9.758344,135.500002,-106.400001,1.02,100,1,193.499994,1,0,0,0,0,0,0,0,5000,15000,0,0,0,0,0,0,2,0,0,2,0,0,HY (Hydro),hydro,12,WAT (Water),2693,2693-12
1427,116.577399,-9.758344,135.500002,-106.400001,1.02,100,1,193.499994,1,0,0,0,0,0,0,0,5000,15000,0,0,0,0,0,0,2,0,0,2,0,0,HY (Hydro),hydro,13,WAT (Water),2693,2693-13
1428,12.049346,-2.032208,14,-11,1.02,100,1,20,1,0,0,0,0,0,0,0,5000,15000,0,0,0,0,0,0,2,0,0,2,0,0,PS (Hydro Pumped Storage),hydro,1,WAT (Water),2692,2692-1
1428,12.049346,-2.032208,14,-11,1.02,100,1,20,1,0,0,0,0,0,0,0,5000,15000,0,0,0,0,0,0,2,0,0,2,0,0,PS (Hydro Pumped Storage),hydro,2,WAT (Water),2692,2692-2
1428,12.049346,-2.032208,14,-11,1.02,100,1,20,1,0,0,0,0,0,0,0,5000,15000,0,0,0,0,0,0,2,0,0,2,0,0,PS (Hydro Pumped Storage),hydro,3,WAT (Water),2692,2692-3
1428,12.049346,-2.032208,14,-11,1.02,100,1,20,1,0,0,0,0,0,0,0,5000,15000,0,0,0,0,0,0,2,0,0,2,0,0,PS (Hydro Pumped Storage),hydro,4,WAT (Water),2692,2692-4
1428,12.049346,-2.032208,14,-11,1.02,100,1,20,1,0,0,0,0,0,0,0,5000,15000,0,0,0,0,0,0,2,0,0,2,0,0,PS (Hydro Pumped Storage),hydro,5,WAT (Water),2692,2692-5
1428,12.049346,-2.032208,14,-11,1.02,100,1,20,1,0,0,0,0,0,0,0,5000,15000,0,0,0,0,0,0,2,0,0,2,0,0,PS (Hydro Pumped Storage),hydro,6,WAT (Water),2692,2692-6
1428,12.049346,-2.032208,14,-11,1.02,100,1,20,1,0,0,0,0,0,0,0,5000,15000,0,0,0,0,0,0,2,0,0,2,0,0,PS (Hydro Pumped Storage),hydro,7,WAT (Water),2692,2692-7
1428,12.049346,-2.032208,14,-11,1.02,100,1,20,1,0,0,0,0,0,0,0,5000,15000,0,0,0,0,0,0,2,0,0,2,0,0,PS (Hydro Pumped Storage),hydro,8,WAT (Water),2692,2692-8
1428,12.049346,-2.032208,14,-11,1.02,100,1,20,1,0,0,0,0,0,0,0,5000,15000,0,0,0,0,0,0,2,0,0,2,0,0,PS (Hydro Pumped Storage),hydro,9,WAT (Water),2692,2692-9
1428,12.049346,-2.032208,14,-11,1.02,100,1,20,1,0,0,0,0,0,0,0,5000,15000,0,0,0,0,0,0,2,0,0,2,0,0,PS (Hydro Pumped Storage),hydro,10,WAT (Water),2692,2692-10
1428,12.049346,-2.032208,14,-11,1.02,100,1,20,1,0,0,0,0,0,0,0,5000,15000,0,0,0,0,0,0,2,0,0,2,0,0,PS (Hydro Pumped Storage),hydro,11,WAT (Water),2692,2692-11
1428,12.049346,-2.032208,14,-11,1.02,100,1,20,1,0,0,0,0,0,0,0,5000,15000,0,0,0,0,0,0,2,0,0,2,0,0,PS (Hydro Pumped Storage),hydro,12,WAT (Water),2692,2692-12
1445,14.904951,0,10.5,-8.3,1.02,100,1,15.000001,0,0,0,0,0,0,0,0,0,0,0,0,0,0,0,0,2,0,0,2,0,0,WT (Wind Turbine),wind,1,WND (Wind),57078,57078-1
1456,0,0,0.6,-0.4,1.02,100,0,0.8,0.1,0,0,0,0,0,0,0,1.2,3.6,0,0,0,0,0,0,2,500,0,2,207,0,IC (Internal Combustion),dfo,1,DFO (Distillate Fuel Oil),54808,54808-D2
1456,0,0,0.6,-0.4,1.02,100,0,0.8,0.1,0,0,0,0,0,0,0,1.2,3.6,0,0,0,0,0,0,2,500,0,2,207,0,IC (Internal Combustion),dfo,2,DFO (Distillate Fuel Oil),54808,54808-D3
1456,0,0,0.6,-0.4,1.02,100,0,0.8,0.1,0,0,0,0,0,0,0,1.2,3.6,0,0,0,0,0,0,2,500,0,2,207,0,IC (Internal Combustion),dfo,3,DFO (Distillate Fuel Oil),54808,54808-D4
1456,0,0,0.6,-0.4,1.02,100,0,0.8,0.1,0,0,0,0,0,0,0,1.2,3.6,0,0,0,0,0,0,2,500,0,2,207,0,IC (Internal Combustion),dfo,4,DFO (Distillate Fuel Oil),54808,54808-D5
1456,0,0,0.6,-0.4,1.02,100,0,0.8,0.1,0,0,0,0,0,0,0,1.2,3.6,0,0,0,0,0,0,2,500,0,2,27,0,IC (Internal Combustion),ng,5,NG (Natural Gas),54808,54808-D6
1456,0,0,0.6,-0.4,1.02,100,0,0.8,0.1,0,0,0,0,0,0,0,1.2,3.6,0,0,0,0,0,0,2,500,0,2,207,0,IC (Internal Combustion),dfo,6,DFO (Distillate Fuel Oil),54808,54808-D7
1456,0,0,0.6,-0.4,1.02,100,0,0.8,0.1,0,0,0,0,0,0,0,1.2,3.6,0,0,0,0,0,0,2,500,0,2,207,0,IC (Internal Combustion),dfo,7,DFO (Distillate Fuel Oil),54808,54808-DI
1456,0,0,10.05,-9.38,1.02,100,0,13.4,6.3,0,0,0,0,0,0,0,120,360,0,0,0,0,0,0,2,128,0,2,21.784,840,CC (Combined Cycle Generic),ng,C1,NG (Natural Gas),54808,54808_CC1
1457,14.904951,10.5,10.5,-8.3,1.02,100,1,15.000001,12,0,0,0,0,0,0,0,94.5,283.5,0,0,0,0,0,0,2,2000,0,2,29.4,112,GT (Gas Turbine),ng,1,NG (Natural Gas),8906,8906-1
1457,178.859413,125.999999,125.999999,-99.000001,1.02,100,1,179.999995,60.000002,0,0,0,0,0,0,0,68.2,204.6,0,0,0,0,0,0,2,2500,0,2,29.4,616,ST (Steam Turbine),ng,2,NG (Natural Gas),8906,8906-2
1457,373.617435,241.463733,263.199997,-206.800008,1.02,100,1,375.999999,75,0,0,0,0,0,0,0,149.28,447.84,0,0,0,0,0,0,2,2500,0,2,29.4,616,ST (Steam Turbine),ng,3,NG (Natural Gas),8906,8906-3
1457,386.999989,241.463733,270.900011,-212.899995,1.02,100,1,386.999989,75,0,0,0,0,0,0,0,154.8,464.4,0,0,0,0,0,0,2,2500,0,2,29.4,616,ST (Steam Turbine),ng,4,NG (Natural Gas),8906,8906-4
1457,386.999989,241.463733,270.900011,-212.899995,1.02,100,1,386.999989,75,0,0,0,0,0,0,0,153.68,461.04,0,0,0,0,0,0,2,2500,0,2,31.5,660,ST (Steam Turbine),ng,5,NG (Natural Gas),8906,8906-ST5
1460,1.96044,1.4,1.4,-1.1,1.02,100,1,2,1.2,0,0,0,0,0,0,0,5000,15000,0,0,0,0,0,0,2,0,0,2,0,0,HY (Hydro),hydro,1,WAT (Water),2586,2586-1
1460,1.96044,1.4,1.4,-1.1,1.02,100,1,2,1.2,0,0,0,0,0,0,0,5000,15000,0,0,0,0,0,0,2,0,0,2,0,0,HY (Hydro),hydro,2,WAT (Water),2586,2586-2
1460,1.96044,1.4,1.4,-1.1,1.02,100,1,2,1.2,0,0,0,0,0,0,0,5000,15000,0,0,0,0,0,0,2,0,0,2,0,0,HY (Hydro),hydro,3,WAT (Water),2586,2586-3
1460,1.96044,1.4,1.4,-1.1,1.02,100,1,2,1.2,0,0,0,0,0,0,0,5000,15000,0,0,0,0,0,0,2,0,0,2,0,0,HY (Hydro),hydro,4,WAT (Water),2586,2586-4
1460,1.96044,1.4,1.4,-1.1,1.02,100,1,2,1.2,0,0,0,0,0,0,0,5000,15000,0,0,0,0,0,0,2,0,0,2,0,0,HY (Hydro),hydro,5,WAT (Water),2586,2586-5
1528,149.772,-55.023003,9900,-9900,1,100,1,149.772,149.772,0,0,0,0,0,0,0,0,0,0,0,0,0,0,0,2,0,0,2,0,0,proxy,import,x,import,0,0
1546,200,-27.781999,9900,-9900,1.02,100,1,200,200,0,0,0,0,0,0,0,0,0,0,0,0,0,0,0,2,0,0,2,0,0,proxy,import,x,import,0,0
1558,0,0,20,-20,1.03,100,0,0,0,0,0,0,0,0,0,0,0,0,0,0,0,0,0,0,2,0,0,2,0,0,proxy,import,X,import,0,0
1570,525,-30.464908,9900,-9900,1.02,100,1,525,525,0,0,0,0,0,0,0,0,0,0,0,0,0,0,0,2,0,0,2,0,0,proxy,import,x,import,0,0
